uid,domain,gold,pred
a887c698ef446bf5,Social,1,2
867603b41823dada,Social,1,1
abc98d84736be412,Retail,1,2
3244b3da731bb84a,Finance,1,1
b80cc1d693308a1c,Retail,1,1
505a29503e288d78,Tech,2,2
833791b1c892275e,Retail,0,0
91fe3bade4eb4f3e,Tech,0,0
5d6384c8b1ce9406,Public,1,2
355eef41b99a3042,Finance,1,0
27e7e5412a3a344c,Tech,1,2
ff339b55373b7743,Social,2,2
573d980e1e143fb7,Social,1,2
fe8e6d9ad3da6b33,Finance,0,0
d6e3016dd50724b1,Finance,1,0
00dcc073f3d97390,Tech,1,2
c575181260e0c981,Retail,1,2
61dc6a6fee775502,Social,2,2
367452d46783d817,Tech,0,0
9cc88ea9b828b218,Retail,0,0
57ae436310f23c24,Social,1,2
910c476b40aa0bb0,Finance,1,2
3e2dc32042a7db28,Tech,0,0
3371ddcb1247f2d7,Tech,2,2
2cc1934f01f3326d,Social,1,0
0fb4d1ecad16c737,Social,1,2
306976123cf8f44f,Social,1,2
b892d187ae226187,Social,1,1
787ce701e8bace00,Public,1,2
2572489c580c488a,Retail,0,0
b57bfd69fb8a820f,Tech,1,1
b844f793f5409832,Retail,1,0
169574f6129edcf8,Social,0,0
d6f07163d62b840d,Retail,1,0
3d6f941796458248,Social,2,2
9f7d0c98536f215b,Public,0,0
b4f1a7734cfcefbb,Social,2,2
0cd8fae232542d16,Retail,1,1
db84fdf1d6f72d08,Retail,1,0
4dc3456e6f33ccbe,Public,1,0
8202595e012af2a0,Retail,2,2
341c72c30974221e,Retail,0,0
a5eb916c5893077d,Retail,0,0
0022b6be7876a6c5,Tech,0,1
386e96d9cadb75ad,Retail,0,0
08d91dc3b2152270,Social,1,2
34525e0a9feaea70,Retail,0,0
b6f70bb13f1c4cc5,Finance,1,1
9ce4f6116819739d,Retail,1,0
05cc806d699b2617,Retail,0,1
3f3c85386b3551ae,Finance,1,0
c6d464e776b6e7f7,Finance,0,0
4cc33c651cd60b2e,Social,2,2
1c49ac6804b2666e,Social,2,2
9d1e13047e380544,Public,0,0
111ee56551164bc8,Social,1,1
a54111790818cee6,Tech,1,1
a0288ba9615df2f8,Finance,0,0
9fa7a46b286c5fa3,Tech,0,1
f8d2dfdca5fcbdba,Public,0,0
33a57b23102fd33b,Public,0,2
7b460111445d4586,Tech,1,1
2cd363cfe3d55e7a,Tech,1,2
f5c588639a2c4057,Retail,1,2
9ada42e372be86fb,Finance,1,1
6f31d1a36c9af905,Finance,1,1
a1ab3206b1ae7a20,Finance,1,0
57d240c216dee80f,Finance,1,1
99024e57aee24a84,Finance,1,2
c7eb0a01568f6764,Finance,1,2
64d3318e45dc7b60,Finance,0,0
ff46dafb573a5f22,Finance,1,0
cce6893634d082fd,Finance,1,0
b660ed91cf693022,Social,1,1
013382641f8ca75f,Retail,2,2
e82dd4f5478d0a71,Social,2,1
fe9fb16dff5595aa,Tech,2,2
66a295a0f68d914e,Social,0,1
5e3bbedd411decc0,Tech,2,2
60a6046171fa1c33,Finance,0,2
b61aa5b7843c5814,Retail,2,2
6cdb7064bd46389b,Retail,1,0
2ad73fe17f61b351,Retail,1,1
be2e5a38818ce427,Tech,0,0
687b0c0073379686,Finance,0,1
dd68d02a284cacc5,Retail,2,2
20ff023577d84b80,Finance,0,0
16ddccd3caba42f5,Finance,2,2
db27070200d454e5,Social,2,2
dd97ea7ed212fc4d,Social,0,0
e3f16814cff35a19,Finance,0,0
d7e634783697e2f7,Retail,0,0
fc68ad0e48153db2,Finance,0,1
8302f4d81d3e99fc,Public,1,1
e2f5b2aa7831f14c,Finance,1,2
78e0b316d95fbccb,Retail,1,2
5974e52e4debbd8c,Finance,0,0
533144f6e99e52c0,Retail,0,0
6a55bd5213613888,Finance,2,2
9753f7b2d9dc6fbb,Tech,2,2
41e30f058b8fe08e,Finance,2,2
15a6974d63fe1a2b,Tech,2,0
2d1ae55642fb49b1,Public,0,0
596348059de983a0,Retail,1,1
cd570a6b39d972f2,Public,0,0
09d77739e187baa3,Finance,0,1
a315272a510d3100,Finance,0,0
566e4494f552f4ef,Tech,2,2
ffbd65519ca4246e,Retail,0,0
6490d9c949d3ea99,Retail,0,0
82dee0d7c3af5b47,Public,0,0
2567ba640c866519,Finance,2,2
16bcba38bbdaab31,Social,2,0
1b1522f119ce121e,Tech,0,1
728634306345e4e2,Retail,0,0
aca25f1278c43659,Tech,1,1
c82fe2ee48aaafca,Retail,2,2
a37f62ced00ae30d,Finance,2,2
a238b1b52ec34725,Tech,1,1
259cb2e9175af655,Tech,1,1
500ceffc1c5d73eb,Retail,1,0
dd1c63784241f684,Retail,1,2
bd3f5092ef60128b,Retail,1,2
64180b5dc4287f6f,Social,2,2
0ac64f715a089be1,Retail,0,0
36d8ee4e5f924f47,Retail,1,2
665ecb4700fc6934,Social,1,2
90f55fcfde82ff66,Tech,2,1
36a0000953e72f5e,Finance,2,2
0b15c36630f01f60,Tech,2,1
ae0a25c2b8558c13,Retail,1,2
6485d101644e6796,Retail,1,2
4988a5bb5176debc,Public,2,2
26d44664427e4d4e,Finance,1,1
99ee6bf922a78845,Tech,0,0
c06e80c803f8435c,Tech,2,2
75613245b80e50ff,Social,2,2
63cbcee274ea231a,Tech,2,2
ff21e66bcc43a36a,Social,2,2
fb2159e440bee00b,Finance,0,1
6c56efffe7a42e77,Retail,1,2
14ddd371de541153,Finance,1,2
1337a5528784ee9b,Retail,0,0
c8e903008bf59498,Retail,2,2
f68d78d9c5f27648,Retail,2,2
94091c6037f5d533,Social,2,2
d29b9e1fe345bc85,Tech,2,2
38c2ce0926dd0301,Tech,2,2
00b4ced93dcc96d5,Social,2,2
46f299141b127e2c,Retail,1,1
3c4edf675ba7c127,Retail,2,2
07410bc6f16a51ed,Tech,2,2
8b8b58e12aeebc03,Tech,2,0
bdfa76fdeb166b5e,Retail,1,2
db9265e55cc5138f,Tech,2,2
d80366d1af485daa,Social,2,2
59d4e463315c216d,Social,2,2
8c3767d7fdacf703,Retail,2,2
e3eecdf1ccfe57a0,Tech,0,0
b6308777e3c13fbf,Public,2,2
1cd6dc339892ebfa,Social,0,0
64e8914490ef75da,Finance,0,0
3bbd421176bb77b6,Finance,1,0
80f737f331ab5d71,Tech,2,2
79df9ce917b07d94,Finance,0,0
3d25cfba9f7d5e4a,Finance,1,2
d1dc31ecdf6119d3,Finance,1,2
50513e87475f39f3,Retail,1,2
74f120c353a51984,Tech,1,0
8cfb7172c85ed256,Social,2,2
f95b45f5312593c0,Retail,2,2
92662ebe2720a78f,Social,2,2
db5a2149a65ce8d6,Social,0,1
fb5c60702400c46b,Social,2,2
1096b139716030a6,Finance,0,0
e52d9a1ab3a5ba50,Social,1,1
e7f1acabc429f2c6,Social,1,2
0fc0cbf1e3252445,Tech,2,2
843c6bc9b856b250,Retail,1,1
013a9d6f0ae287a1,Finance,2,2
ae4f67f92a1c05d7,Social,1,0
8a8d8ec5ad333899,Tech,0,0
dca3fee04fdb7b27,Finance,1,0
3962254537b32e2d,Social,1,2
1948df471d78080b,Tech,0,0
5e0dc10b4e6ad6f2,Public,1,2
1cb01d59cae838e2,Public,0,0
d23e09689fcdea41,Retail,1,1
a116f6976ea295bb,Public,1,0
d7c49b59c3eea1be,Public,1,1
f07791348e4faa94,Public,1,1
4445f0ee18f83fa1,Public,1,0
e1dd69e8043904f8,Public,2,2
410a9560e4989db7,Public,1,2
199fa8c48e691af9,Public,2,2
75f2d5c14509fc08,Tech,0,0
d5ef55e379e8d062,Public,1,1
ca4ee1371f552c65,Social,2,1
7234f2ff948a1722,Finance,0,0
0bcf390059622ed8,Tech,0,1
9de900c911fbbc93,Retail,1,1
5fa9988821a26dd2,Social,2,1
5ad006a61241fe8a,Finance,0,1
2b6ec777e5cd7c1c,Social,2,2
01611ed0e800ec70,Finance,1,1
27332dacb967344f,Tech,0,0
9e15a29e6bf7948d,Tech,2,2
bfb3cf5e893df074,Tech,1,0
2a7c93992f580ca3,Social,0,1
85598a8084fe1474,Retail,1,1
5f40c7b2241966a2,Finance,2,2
3c97bc0c8bd65561,Tech,2,1
4d9e2cef5dbcab58,Public,0,0
2d584277d52c473a,Social,1,1
fd0f740a0256db03,Retail,0,0
710e75064e12c625,Social,2,1
4dc3f646ea91347c,Tech,0,0
175497613311dec4,Social,2,2
bc4db39bcc160180,Finance,2,1
2ec384aff15b6478,Tech,0,0
36897d4e478585b0,Social,2,2
3962d294304504e9,Retail,1,0
e185c723e86d0263,Tech,0,1
b450568cca70aac5,Social,2,2
4e0e464f15fbae2f,Tech,2,2
e24e7e6de7cfacde,Tech,2,1
e3004fcccaa965e6,Tech,1,0
43c5ba0b3e39915b,Tech,2,2
450221cccaae4d8e,Tech,2,1
7bbae6d81f58e974,Finance,1,2
2ea6a6d60714d3d3,Finance,0,1
ff0500dba3f36609,Public,0,0
ef1fa800b47dc3c7,Retail,1,0
c307eb6a121e3c65,Finance,2,2
64b4f8d480765663,Retail,1,0
817883f5ebbc2637,Retail,1,1
0c9f90aaa1a16b4e,Retail,0,0
e87c9f863f772537,Social,0,1
f21065bc640fcda0,Retail,1,1
7109d7d33b1c9f6f,Finance,0,0
54a79fb4a6b74ae1,Tech,2,0
38e7e32b9ffd1e0a,Retail,1,1
31570982f8055bc5,Retail,1,0
62946c7eb15a00dc,Public,0,0
e3ea889c43f0e53e,Public,0,0
37a234c020bfde45,Finance,1,1
55d471eff7ea30ab,Finance,0,1
d742bea92c15c592,Retail,1,1
9efb52dcc2fc6bc6,Retail,0,0
2d2c575ac1e245b6,Tech,0,1
4520529ec320814c,Tech,0,2
0431cd82dca21a8c,Retail,1,0
c32e9c4a2bd9d28f,Public,0,0
28338b9ecafc116e,Public,1,1
f1bf46afdaf9e327,Social,0,1
129da6d5625fda30,Social,2,2
1e02539b1b0bd3ad,Retail,2,2
94e5db24f8f237cb,Social,2,2
2aa0ed4f59c38448,Social,2,2
98dfb5cc717dd8a3,Social,2,2
b8b712c6af06940a,Social,1,2
441f93005aac3907,Social,2,2
ec377c44cc6284b1,Social,0,0
b37957aac4c3a837,Social,2,2
0808f7b131a4dde2,Social,2,2
f577ebd82d3656a0,Social,0,0
b659523a78149d3f,Social,2,2
98f136e5463a83f8,Social,0,0
e7869d565a999adb,Social,0,0
330f75556b985fd7,Retail,2,2
8c16ac64b6041bca,Finance,1,1
f22cedfcc24535e6,Finance,1,1
a7e9e867f5bce123,Retail,0,0
d032fdb813881071,Retail,1,2
36b5588e79362fe4,Retail,1,1
527c7c19723f45ce,Retail,1,2
6d999e9a8c66adc9,Retail,2,2
ce49d56fc0a2352c,Finance,2,2
76c0dd95649071df,Finance,2,1
c4f1cf39a3ef1dfe,Finance,0,0
0ca4309e1c65212a,Finance,1,0
edb828ebe54a2f1d,Retail,1,0
0ae98c163141f338,Retail,1,2
f40a5c97831207ee,Social,2,2
87b30741f56c556a,Retail,0,0
e9275c5a634757c7,Public,0,0
54022e12a76f190c,Public,0,0
1c38793a0ffa5d46,Public,0,0
6102fba5c4789d4b,Tech,0,0
365cdd890d486013,Tech,0,0
843237dc58c9394b,Social,2,2
2e9b9e1c81075f52,Public,0,0
78773911bb90d33d,Retail,2,2
366991cf9b68fa73,Finance,1,2
6afb1de7c1c5f22c,Retail,0,0
647c467769e37cd1,Social,0,2
886688f15c019425,Social,0,1
34f4c0b189d904c4,Social,2,2
3c83d1c59991e03b,Retail,0,1
a102d9f9ade72291,Retail,1,2
8b03486179bff3c7,Finance,0,0
f67fe9e342ebcec7,Social,0,0
c3ae6c7f6dead896,Tech,1,1
3fae765b2028775d,Social,0,0
21d351fa2a824fe4,Retail,1,2
4e2435bac3cf605c,Finance,0,2
1abc4e65030bb7db,Social,2,2
7d9d86100af7e52b,Public,0,0
f47a31ecacba9a9b,Retail,1,2
57b0f515f6267bca,Retail,1,2
6c2e6299c5fd1828,Retail,1,2
bdfcec5eef5a52d0,Finance,0,0
64416c956c55367a,Public,0,0
04068c8f2e11ec5f,Finance,1,0
c90046fd1b19e621,Retail,2,2
54761dfb6739b65b,Social,0,0
6bc7fbf9ccbd6869,Public,2,0
99c1d87782eca37a,Finance,2,2
d5dcdb1fa183d69b,Finance,1,0
1cbed528430736b7,Finance,1,1
1d528d6713795218,Retail,1,2
c7ed9beee1147b61,Finance,0,0
61714c5522448fd1,Social,2,2
b0f8c028fe5ac7fe,Tech,0,0
2b5d27eb1bef67ff,Social,2,1
09f3ef59ffb30f07,Finance,0,1
bd28b0846db17e53,Social,2,2
457a09665061ce85,Social,1,1
15fdea49dcd34578,Tech,0,0
935978663f852b60,Social,0,1
8d8d6a2cdecdf8d4,Retail,1,0
88073b04c5c6b15e,Retail,1,2
72c14abc7e2cf251,Finance,1,1
9b14ec7f0ad1dc02,Tech,2,1
f5a340dc149f345a,Retail,0,0
0009862a193bf837,Social,0,0
cbf776ec7bb01efe,Public,1,1
6ad74b721c1d8e9b,Finance,1,1
ce15174ffc7502f6,Retail,1,0
dd2688a5b195c355,Finance,0,1
20aab9eb18dd032c,Retail,1,1
29afb8e252c7f461,Finance,2,1
0b24b7d230385efb,Social,2,2
aa98e1483491b59b,Tech,2,1
1b212e4c9046393d,Social,0,0
b2c892cffc20de84,Retail,0,0
36317610a5b6c506,Tech,0,0
152ffe30a574ea38,Social,2,0
e93db46661247299,Tech,1,1
930bdf525737243a,Retail,1,2
b6e7c7d918f793a7,Retail,0,0
679ea3dbe7bdc9ab,Social,0,0
f878f7a797b3d77b,Retail,1,2
1a57569918fd0cab,Tech,0,0
923c276daf6e8f85,Retail,1,1
bc73c6190ac42f85,Tech,0,0
d3366e4621999d92,Tech,0,0
298a85c748dd63b1,Social,2,2
870334b3a4809fae,Retail,0,0
431edca50e806bbb,Retail,1,2
e6cec0e96b563d38,Social,1,0
5b1caaf1a80d5d9c,Tech,0,0
3926035f97bf8ee6,Social,2,2
923e92b96995cc0e,Tech,0,0
50f364086a77a5ab,Public,0,0
21b285b905a68027,Retail,1,0
273b6c64faa6f816,Retail,0,0
0940e38dd73a93a1,Tech,2,2
d6b35395a6e2fe49,Retail,2,1
bfcd0e0f1fae78d9,Social,2,2
049eb0b904d22e60,Social,2,2
bf1ae947fa599f31,Social,2,2
9f18653210686b8d,Public,1,1
5a3740d82d6abba8,Finance,0,0
ca035f20aaa7f13f,Retail,1,0
d77c02e45d786b5a,Retail,2,0
11bd80872e6be968,Retail,2,2
85672e4a124d5750,Finance,0,0
7dda42b81a7f2cfe,Retail,2,1
7aec8e4cb7b60ca9,Retail,0,0
82cce7b4fae1c378,Public,0,0
57b873af2596c14a,Retail,1,2
3a9845ffcf60e641,Finance,0,0
3ed5418c52f84489,Social,2,2
189491da8dbe8682,Tech,0,0
0393bb4849c5c27a,Tech,0,0
cbd041b3f49c73d0,Public,0,0
1c822e6358b9f75a,Social,2,2
65f20a51a3ac3a4e,Finance,2,2
60f9209201472a7c,Tech,0,0
68129e732572382e,Retail,0,0
a9b627694b96ad95,Public,1,1
0d57d0715e9d5b20,Retail,0,0
4e4adf44de2cb05b,Social,0,0
b0d8b0179087cffe,Social,1,2
12ae88a66deb8b40,Social,0,0
ca082eff1a8af6a4,Tech,0,0
a5ac8cb6c7a20185,Tech,0,0
8e118d96c380b1a7,Public,0,0
bd741a24ce18cbf0,Tech,0,0
ed2c783595b2bd3f,Tech,0,0
af9664f9ae01328f,Tech,0,0
8fdc210ef2ee3b8e,Tech,2,1
4496ea6ff64b0b07,Finance,2,2
96a6ec649214c06a,Retail,0,1
36d4b97c43e7d985,Social,2,2
8ca899dc5a9c2156,Tech,2,1
31488a44f0345264,Retail,1,2
242b741b413cc4e2,Social,1,0
0380ec9e72ab8c06,Tech,1,0
b688ae0952279da5,Public,1,1
0dc303a50b353364,Public,0,0
d4c137a6640a04ff,Finance,0,1
82ce878ff8ef0772,Finance,1,0
1ced9762b7f54b90,Finance,0,0
f18e212d3c2bef45,Retail,0,2
6dbbf8751135f839,Tech,0,0
df25b949aa51c5d0,Tech,2,2
db135af0374f6532,Finance,1,0
2f8971d33ce6c923,Finance,2,0
e896752cac9d0227,Finance,1,1
2e09182c763c1231,Retail,0,0
d7466c1d8afb9199,Tech,2,2
11734e445bee1100,Social,0,0
d1fc6a835ba3ee2f,Social,2,2
d2725f6af0f5118b,Tech,0,0
9d20a7139b4f1d0c,Retail,2,2
31f1fbba2436a90a,Tech,2,2
e6a18ea2a51fb085,Finance,0,0
8a37e5829ff9bdb4,Retail,2,2
4ed36b9be156c1d1,Public,0,0
42a5014a0fcdc4eb,Social,0,0
28f0677b733461d5,Social,0,0
554877e32acd8e32,Social,0,0
c1a57884fe06cd7f,Finance,0,0
af34f5e991eff653,Public,0,0
8bf6df9b9f45bdae,Public,1,2
0dc6f573bd2c70a6,Tech,1,0
f456b41e19426477,Social,0,0
e631368cd9269b3a,Tech,0,0
b38caf414e23c214,Tech,2,2
69bab8f12733426b,Retail,2,2
5a355f84c6785da1,Finance,2,1
ffba3726e7e95c0c,Tech,0,0
da61d571ecc2bace,Finance,2,2
830ee64be4ade132,Tech,0,1
fd64a120d1267d44,Tech,1,1
dc48dcc48b92c3c1,Retail,0,2
208eaaf13c16dcb7,Public,0,0
ce408378bf7429fd,Retail,0,0
1c6dc5aa8b9e67b9,Tech,0,0
b7f4b5b96d9669df,Tech,2,2
b45ac36efd4e3dce,Tech,2,1
cb23bce2438c8971,Public,2,0
6d7772ccaa4056a5,Tech,0,1
7833422795b0562d,Social,2,2
ac2464bcd78b3a89,Public,1,1
e2d47d81bcfe2d81,Public,0,1
3941a4415c863cbd,Public,1,1
bbf3c4d10ffcbc4a,Tech,2,2
4793fd43e9a29cfe,Public,0,0
d650a14504a04415,Public,1,2
887d41dd34cc6804,Social,2,0
f9958b3d92a0fb8c,Finance,0,0
35950852b1c9ac94,Retail,1,2
b1bcd2a2b7a0751f,Finance,2,2
42159b42a252b627,Tech,0,0
36d8b9293795851d,Tech,0,0
1b98340d2083f119,Finance,2,1
1d85e1ba9946cf4f,Tech,1,2
78f724ccf54b373c,Retail,1,0
2565feb4a94961e3,Finance,0,0
a562e941ae18b436,Retail,0,0
07c3c39f6abf8de0,Social,0,0
f3b3b3d73f4d28cd,Social,1,2
8186fd20a15531f2,Tech,0,0
5df24e7403222d27,Tech,0,0
b0c8df2c1d03ef3d,Finance,0,0
2f3a14fdf40eca7d,Finance,1,1
378754a4507cfdd9,Public,0,0
15eda7eccf29763c,Public,2,1
4baaa0c72d8e2dfe,Social,0,0
8b95c94b72131783,Finance,0,0
2f1c40eb3bd41dc3,Finance,1,1
70932088517e8f07,Social,0,0
afc69bc989a6559c,Finance,2,1
2a25c11f6f055396,Finance,0,0
364d6ed976a2bc08,Tech,2,1
f1c81981f9050fa6,Social,0,0
c192d9d1ac4275e3,Tech,2,2
7d38b2d253a4ae0b,Finance,0,0
5eed1a7a547a57e6,Social,1,2
52275ab66d8cec86,Retail,1,2
bd039ab29633d390,Tech,2,2
3a7294cf4da9f452,Tech,2,2
ec949e281e676061,Tech,0,0
223cbb27ecb0875b,Public,2,2
53cce084908e439e,Public,1,1
51248d16aa469bc1,Tech,2,2
f14e1cfbb0a72faf,Social,1,1
02b227f04dc9f5ae,Public,1,2
67100c2bb844ecec,Tech,0,0
148dd750447f0c22,Tech,0,0
1c75cf9045860a2c,Tech,0,1
a3d0ee67ba38e5d4,Tech,2,1
e55b9702aa0a3056,Finance,0,1
7cdf160f3bd96822,Social,2,2
536c2f6f875a52f4,Finance,1,1
f9807d41af9733bb,Tech,2,2
5487d589e9d81338,Finance,2,2
6433b83fab95466a,Retail,0,1
49a19fb286e2724e,Retail,2,2
0a853786951446cd,Retail,0,0
b98e3a288ab5e997,Finance,2,1
fe11b93232e2fccc,Public,0,0
4b926011ffbc8c3c,Tech,2,2
9ba328e5378eaf3f,Retail,1,1
518c7c54d8b551c0,Finance,0,0
14e5341ea76c3816,Retail,2,2
b0226ef6e6ed5805,Tech,2,1
2256bfdba0f125d6,Tech,2,2
2c465d5570a735e1,Finance,0,0
9eb8fb23bcd5dc7d,Social,0,0
07c5100202596da2,Retail,1,0
30e59564b89c6536,Finance,2,2
c3d5f97382341b25,Tech,0,1
944df18b5a395e12,Finance,0,0
dc8cb37c448cf666,Public,0,0
7caa96e1e982b051,Finance,0,1
dbe282416a51d81d,Social,0,2
e4fc93c91a992172,Finance,1,1
52e05bf2f8f21c88,Public,0,0
fb9c469a2622d6df,Social,0,0
d5eb2afff8df8ad4,Tech,1,2
bfcf7ef13fa71788,Social,2,2
e0dfac71752645ba,Social,2,1
707bd41869e4338f,Public,0,0
e02ee610ad016c28,Retail,1,1
fb9e34d1b6e3110f,Tech,2,2
1b615f1be44f036d,Tech,0,1
0da7f063026b6fb1,Finance,0,0
5b14cb7d056cfb71,Retail,1,2
e4278a742daf5ef6,Finance,2,0
60628d13f6f8a4f1,Retail,1,2
a7570279eec23b42,Retail,0,0
ff5e6156193c055b,Retail,0,0
dcda5d6743a10dee,Tech,2,2
8f4876549a95353b,Public,0,0
f40e42789929bbbb,Retail,1,0
e403a0634f6f19ec,Finance,0,0
38e7ea6e66abd76a,Public,0,0
379505513786d1d6,Finance,0,1
6d9b0ffc7e815179,Social,2,2
fb59cb7747782a3c,Social,1,1
d5a61ab2b0b6d3e5,Tech,2,2
9e4b6fb461db8de7,Social,1,1
560b286ae6b3a868,Social,0,0
2709835520a21ed7,Finance,0,1
a69e14915488e9a3,Public,0,0
f8ad0c056d5508d9,Tech,0,0
e8f9322cdf3f74a5,Retail,1,1
a83ee0dde2972046,Social,2,2
f3b45fb75a0f28cc,Social,2,2
2d8e68eea593de73,Public,1,0
d3fe40738282ee4c,Social,1,1
4fb388c0edf05827,Finance,0,0
1cf4f19fac7221c6,Finance,1,2
1f9bba065c70e487,Public,0,0
b2f68486524b668e,Social,0,0
9c59ac77637a3a21,Tech,1,0
f17112ebccd56206,Retail,1,1
5a15ae20255c8688,Retail,1,1
554333a529b3667a,Social,2,2
409b4dc67dc27089,Social,1,0
12d6d267b42e9d99,Social,2,2
4d7f33f4228030c0,Social,2,2
09f4e39878345b04,Social,2,2
c624893598436d13,Retail,2,2
5b8c075cb705b3ec,Social,2,2
8270c8d71cd48d37,Social,0,1
81fabfe84dd517a1,Social,1,2
22f654713dcdc212,Public,1,1
58827adb6c3cd33c,Tech,0,0
d994343e57c40edd,Social,0,0
b468727ac4bce676,Finance,2,2
80348f3edbdb7934,Retail,0,0
0504a5494b85e038,Social,2,2
fbefe9f90d3bbc07,Finance,0,0
f1c488815eb396a3,Tech,0,0
aac2f840cd1c2b1c,Tech,0,0
f5731923d8b6ce72,Tech,0,0
d0f69d0c7ea8d2ce,Tech,0,0
39f3f98e98b0efac,Public,0,0
902ef6327432d189,Social,2,2
f61c02c1de307be2,Social,0,0
ea25ba9d800224d8,Tech,0,0
470b56c8bd9cc4ae,Finance,0,1
116ce68291f75a0f,Tech,0,0
0e8f9a9fc4311481,Public,1,2
3cbf7b8b6251ab0d,Public,0,0
9c8f1b356a0c9ec6,Finance,0,0
122ee9f313314eb5,Tech,2,0
1330bfcc1e9955d9,Social,0,0
dfd4d4b32daf6cb1,Social,2,2
54175086388f89aa,Public,2,2
d8cc9b2a27461d97,Public,0,2
6b95d470c5c2ab2a,Public,2,2
8799947b56d4cf04,Public,0,1
7cf1c336a649ee2e,Public,0,1
5b4defc5b1967f53,Public,0,0
24faf92e0eae7a1d,Public,0,0
08583c395135a628,Public,1,2
c560029d8f7e01ed,Public,1,1
3b0f7af99e7c4bd4,Public,0,2
56a9d6a673d92f73,Finance,2,0
12ab47c5fa17ebb0,Tech,1,0
f3ead042411b74bf,Finance,2,0
b56a4ceb45c31272,Finance,2,2
3dd545743cda3826,Tech,2,2
144f32a8c2904002,Tech,2,2
f9d00c045128e108,Retail,2,2
f42aae83593f7900,Tech,2,1
a9d44dd430a7b29b,Social,2,2
08032eee5d6e5ecc,Public,1,1
acb86c7b63088314,Tech,2,2
755d558b821b423f,Retail,1,2
24792d569c0d0203,Retail,0,1
206a0574c1ef3113,Finance,0,1
568b0f6f6c884550,Social,2,2
e761ec9af0b1a7f9,Social,0,0
7e8fcdc8d5423a82,Tech,0,0
e7268a1017a84d8a,Tech,2,1
9153c75b56ab4afd,Public,0,0
d216a91178aa9655,Tech,0,0
c4a6d443cf7bc6bc,Retail,2,2
cf29f863c1aea2b1,Tech,1,0
12a647cfc1465155,Tech,0,0
843371524c231e57,Tech,0,0
0808b3aac453f499,Tech,0,0
644fd16832495394,Retail,1,1
dd2113042b7615b4,Public,2,2
cd96faf568807e7c,Tech,0,0
df1ef6afd5151967,Public,2,2
6d2c83e45e4292cb,Tech,2,2
0353bae795e4f5c7,Public,0,0
2090548815cdc5f1,Public,0,0
fff4b35eb789cef2,Public,0,0
1d9db51d66ad97ec,Finance,0,2
019232ebd680b603,Finance,0,0
df70cdd684532410,Retail,2,1
eb258d677273a84c,Public,1,2
a0765242325d6eb8,Social,1,2
1e9d2fb3a5efd8ac,Retail,0,0
222eae6d59a9d61e,Tech,0,0
c2b4054b74c8ceff,Tech,0,0
81f5e20a5f45f0b9,Social,2,0
0028ec0199079732,Public,2,2
3463399a7d8f3b3d,Retail,0,2
66a61f5bd959eb94,Social,0,0
c3636589b3bda90b,Finance,0,0
14ce05f1f04cbbe2,Tech,0,0
569d9b5338c13fc2,Social,1,2
310875af02f06c70,Public,2,2
8ff08d4e60b1bba0,Social,0,0
55a8e6b26eefb538,Finance,0,0
749433249563f0fa,Social,0,1
75425f7ad37a002d,Retail,0,1
6db0d7a2f555125a,Public,0,1
0953ad284944cec7,Retail,2,1
288d8ef631269421,Tech,1,0
daeea4901706a285,Social,1,1
e33b6aa5f18df56d,Retail,0,1
0bf5775dc4cbdaf1,Finance,0,2
1d352947cf930972,Tech,2,1
2719c8cc8f215b48,Tech,0,0
5b0c755d093361e1,Social,1,0
988c6c7d3f05b619,Public,0,0
ab71120990435d8b,Tech,2,1
c15cfa14a79806dd,Public,0,0
9dbf76a363de7c4b,Finance,2,0
f734f213bd112e2d,Finance,0,0
8f0a786440611ebc,Public,1,1
d9a53ad654a56dcf,Tech,0,1
2d4769c89c7640bd,Public,0,0
74f715f49dbedaa1,Finance,0,0
1ded725a6f364565,Tech,1,1
afb2c57704c6e6ed,Finance,2,1
b2cffbd52b4f8c7f,Social,0,0
45811c34e405fb1d,Finance,0,0
3832cc87372f2fcd,Finance,0,0
000af2e091fa6385,Retail,0,0
dc8106f6b3ea2c3e,Finance,0,1
41873474c0d77fed,Tech,0,1
00b6414824fca8ad,Social,0,0
74b26fabf1ddc2e0,Social,1,2
e976d53607c91788,Social,1,2
b33b554cf5acfd07,Public,2,2
ce6081a0ba815119,Public,0,0
df4962f3fc8b1934,Public,0,0
2e5b4e468aa80cdf,Social,0,1
d88a620d8990c8b5,Retail,2,2
a7f134b3604a3385,Social,1,1
7e168621b50e62ad,Finance,2,1
929a308d45032347,Tech,2,1
b18a2508e6db380e,Retail,0,0
1e67af83ee428743,Retail,0,0
17b16797d4483552,Social,2,2
2c8dbec5440ffecb,Tech,1,0
ae42cd6e73fc08ca,Finance,2,0
128a3ee974578fe9,Tech,0,0
8244c0ec4f180bb1,Retail,2,2
c9d9b2d66fb7d9b1,Social,2,2
bcd18801dcaf8785,Tech,0,0
2a2f667917ff1cdc,Public,0,0
78ae68faefce9943,Retail,0,0
49cc57b4412173b2,Tech,2,0
7becdb503d1d7ef0,Finance,2,2
35e0ee2ecbbfa9f9,Finance,1,2
dc4ade7e66b9b88c,Public,1,0
31db9ddcd3751b21,Public,0,0
d780cc086125032a,Public,1,1
893a0b2116263c20,Retail,0,1
b64208ed20699232,Social,0,1
7b0d95f3c731f299,Finance,1,1
090e45beda02b010,Finance,0,0
df13c3e93dfddf5b,Public,1,2
55e3b3ee6e3d1954,Retail,1,2
522f4ce0367db4f8,Social,0,0
6aa20a588204c92e,Retail,1,2
bd579a4998d15d31,Public,0,0
65e75a03d05e61bd,Finance,0,0
2a298e21bc493a3b,Social,0,0
cb8e08321d931cf7,Tech,1,1
f10675293ead7a94,Public,0,1
4887f2bee8d13f21,Retail,1,1
9233bdd76268b838,Social,1,1
04babb446063707d,Retail,0,1
d12e36185a814ac0,Retail,0,0
8e075f5f0ca8f32e,Social,1,2
a38de2cabdbd131b,Social,1,0
85334412868f280f,Social,2,2
cff2ab484c90a588,Finance,2,0
c5fccc8916db6a04,Finance,2,2
b5d2773f7c6da27d,Tech,2,2
e4b9afa75dc6e71d,Public,0,0
5ae0847fb3309da6,Public,1,0
1e0b5c163b384f67,Tech,2,1
f6420eb1c1ca36d5,Tech,0,0
638d96461b0b2aa5,Retail,2,1
513794ac2123ec21,Retail,0,0
9629688463c77464,Retail,1,0
c54f8dc07f8b77be,Tech,0,0
231db623f4087c0f,Tech,0,0
72c28f0a8b7878aa,Retail,0,0
f70f7854697c7e0d,Retail,0,0
623d3dc65328ba76,Social,2,2
6831ff312fc58723,Retail,1,2
a52a0a34884ba71d,Finance,2,2
a00cfc51154f450f,Tech,0,0
3620dd9540a288fe,Retail,1,0
22487cff525738f3,Retail,1,0
b8fece571d878e96,Public,2,2
addd787d1068bce2,Public,2,2
27a843c6ca9d50f3,Tech,2,1
bbb05bbe65a2bad8,Public,1,0
095f9fd727074a6e,Tech,2,1
8a2763f3c06d4dfe,Social,0,0
562b0a21c41464e0,Tech,0,1
a6b0a0a32461ee9c,Tech,0,1
9c3badc943c57773,Retail,2,2
dd7238ba33e0bc25,Finance,2,2
b8c3573ca5d337b6,Finance,2,1
ce907dbcec143a08,Retail,0,0
c4852a4040e8f0a7,Social,2,2
5a247b75b416d980,Social,2,2
4cd8f9a76d18232f,Public,0,0
a8a9c0560b07b73f,Social,2,1
9d46facc00d15302,Social,2,2
88e2a01c8a57604e,Social,2,2
c775b1e661617f9d,Social,2,2
6db2d52e891d8d29,Social,2,2
86d158322b17e736,Public,0,0
3f9c53882e6eedc5,Retail,2,2
bd1bf07da6dd6998,Retail,0,0
9aecf5c92f7e232a,Tech,2,2
79036d869a9b7ec8,Public,1,1
5ea3246e065378e1,Social,2,2
ef98545ef1d00aa7,Tech,1,2
93c637103b0131c3,Social,2,2
5d7b425cc929cb00,Finance,2,2
0898aca488f252c8,Public,1,1
44d1ecc9ee83fffb,Social,0,0
810247290a9d616e,Social,0,1
1624537a76fda8da,Tech,0,1
8081318dc23d12f6,Social,2,2
9f4a7e5fd1250f37,Public,0,0
abdfb8884b248dc0,Social,0,1
5cce0244cb5e7381,Public,0,0
5e2cf6826a334d82,Social,2,2
fb57f190a051e60c,Public,1,2
bce20c4a90834401,Tech,1,0
f73e9b7b1e4c5628,Social,2,0
4188470ef5e8f4d4,Tech,0,2
42b32f7d8bcee033,Finance,1,1
645de39cb5491a67,Retail,2,2
b657527d697c4a3c,Tech,2,1
67654f6cc8878cd6,Public,1,2
93e4a587af8994cc,Finance,2,1
4bd7ea9f49657a40,Tech,2,0
9717f2f5fd834f3d,Public,1,0
fb88726f7b5aa49e,Retail,1,1
98ffa234241b489a,Social,2,2
b85d135cd0c7b660,Finance,0,0
a7c81288bb43e65c,Finance,2,2
3c2508e77457e9da,Tech,2,2
b046d7fe5d4e3454,Public,1,1
f94b1c47142b576b,Public,1,1
4fd70febb5d28667,Retail,2,1
624d06294e793da8,Finance,1,1
7d397bb146e3bd13,Tech,1,0
fa655e381d3a657e,Tech,0,0
6b04db9fdc86fa33,Tech,2,2
e9c9d2bbcc0531af,Retail,2,0
03bbafe29b638aa8,Public,1,1
e779b1d8664365b5,Retail,0,2
75fb3d6232f9c3f7,Tech,2,2
720ba256f2e39dcc,Tech,1,2
4da3788e936bbe57,Tech,2,1
b7ffbcf54e9368bd,Retail,1,1
425fd3f450d0aae5,Tech,2,2
2755e5d0bdc6ac74,Social,2,1
4cf14cfdf3c3297e,Public,2,2
d6fc91a01bc1b2ff,Social,2,2
b5e195c9387fd98e,Public,0,0
369cd6474d777587,Public,0,0
7fa7ecc5c008a820,Retail,0,0
b3a71204504aef49,Social,2,2
f6053f7ded47a06e,Finance,0,0
818b99d8d026f74e,Finance,0,0
6a3c91105e636c2b,Tech,2,2
404b4dfae78ee25d,Tech,0,1
0923190168e00829,Social,0,1
9c56014c2535537b,Tech,0,1
354280d55f6250ba,Public,2,1
1223e6ca14e1214d,Public,0,0
17f69eba13322643,Tech,2,1
93781085023a109a,Tech,2,0
8049e95ab22776a6,Social,2,2
fe17513c69ed783b,Finance,2,2
801ac968f117439b,Social,2,2
e431a763fddd86ad,Social,0,1
8851109cc5578853,Social,2,2
776e1f4d26cd5667,Tech,0,0
f63bc7b4ef8a8186,Public,0,0
86dc71d922064589,Tech,1,1
4a95e63741fdcaf0,Tech,0,0
8eb454f51d296d3e,Finance,0,0
6237758602ec2455,Social,2,1
3a0fd8386ba6c1cf,Finance,2,2
9e7ec58ca1cb7778,Finance,1,1
e354bb2952d542b3,Tech,0,1
9c7511d237a00ec5,Tech,1,1
33bacdb8a06b7317,Finance,0,0
d527e062e30aa1a2,Tech,0,0
de5a0b4c49eb62b3,Retail,0,0
cb10fc5fef1fc5b0,Social,0,0
aecc4feec42b3324,Retail,0,0
ef61e41da0588da5,Public,0,0
66c387fde40fbf1d,Tech,2,2
3bd773d28da8b79d,Tech,1,1
3eb08b13ebf9bab9,Tech,2,1
8e9efac5b33e0b5f,Social,1,2
4d2bd727124d481c,Social,1,0
9e591046404f0df4,Public,0,0
82ae7a266f0f8131,Finance,0,0
286192c938dc61f5,Social,2,2
8d433d62bb5425fc,Tech,0,1
f9008cfd704bf5a1,Tech,1,1
0520524ef2f2be14,Tech,1,2
920fe481212e00b9,Tech,2,1
8957181d1cff0246,Social,2,2
e80f63ae30711587,Retail,2,2
a491d37600c9c820,Social,0,0
9ae0540de0b3d2f1,Tech,0,0
e50ab89f8bff5203,Retail,1,1
67c57383179788cc,Social,1,1
ea98dc6b482640f4,Tech,0,1
d202ccc5ec69a7fc,Public,0,0
39969298d0aa44e8,Tech,2,2
f846542fc05de78b,Retail,0,0
4db1feaf03397617,Tech,2,2
e0e84c8ff6dd4dbf,Social,0,0
8a4ee5080190e9a5,Finance,0,2
57e5fb54a7e41640,Finance,1,1
660027eb298e215a,Finance,1,1
00cbbfc356600f5b,Finance,1,2
a6b1e492ce4176bb,Finance,0,1
923a290b6453a8b6,Finance,2,0
9955d63bbed9423c,Finance,0,0
9f53da12ab5dd3d0,Tech,2,1
c7eca847c3e7656e,Tech,2,1
ae47b1dbbeff314c,Finance,0,0
3e76662332eb7a66,Finance,0,0
75660383e5e7b74e,Finance,1,1
c469e1985ea815ac,Retail,0,2
f952534a2f3ca0e9,Retail,1,0
1a82c1a00dacf7c6,Tech,1,1
d37642b0be389963,Public,1,1
ba4e20190f01fca5,Public,1,0
765bfaaa29720b0e,Social,2,2
3cd3d34130049451,Social,1,0
2c1c9bb1d1f183f9,Retail,2,1
783bcc7babcfe6d9,Retail,1,1
9ccd1db15873e485,Social,0,0
d2bf8edb700d26ac,Finance,0,1
81474d66938773e1,Finance,1,2
10f151995a5b7004,Tech,0,0
1b5a92bada178cf2,Finance,1,2
4e0fe5fa048b3996,Social,0,0
ada2576700184e8d,Retail,1,1
d8b2387177bed517,Retail,0,1
44165a041eecd3b2,Tech,0,0
82170e8599c26da3,Retail,2,0
f8d1572d25c10ac9,Retail,1,2
6352e6f00f792173,Retail,0,0
6bdea5a3946b0eac,Public,0,0
821c96e5af4540bc,Tech,0,1
c234e5873c899f82,Finance,0,0
1ac594ba091b0370,Public,0,1
fbf745b2a6789ed1,Finance,1,0
3115008129fe3c96,Retail,1,1
937f7dc917fbbc44,Social,2,2
7796a37507f6507d,Retail,1,1
3a14cc01463422ba,Tech,1,1
f7a95e76282c3f64,Tech,1,0
5caaf8dca7133b5c,Tech,0,0
ee62795f283833d1,Social,2,2
11aca2968730536d,Tech,1,1
c591314976f41c44,Finance,0,0
3179b0f353a0f5a5,Retail,2,2
017932ef2f252b35,Finance,0,0
416092560f3f2db3,Finance,2,2
86d93f0d55d2e8c1,Retail,2,0
65be5242e0f0c894,Tech,2,1
9515eecc5fad38d8,Tech,0,0
ca673fc009275dd3,Public,1,1
646ceb7c04a72be4,Public,1,1
657d55286ef38e42,Finance,0,0
bcedd58148fdda6b,Tech,0,0
02e8da9ccd7c46ae,Tech,2,1
dcdff803cebd1ace,Retail,1,2
65e2b530baecdeda,Social,2,2
eb65f950fca76b62,Social,2,1
098ab7be72b04cd8,Tech,1,1
b9626db7b348477b,Retail,2,1
422ca5f30e0720ae,Tech,0,0
fad23657c99c1d54,Social,0,0
f2ea5e0241015689,Public,0,0
2e75d953f5bb7540,Social,2,1
3a5b44f1917901ed,Tech,0,0
cab45568439c2afb,Social,0,0
117c8d912650337a,Tech,0,0
79f6108938665b93,Tech,2,2
51f44ea369c56722,Public,0,0
e642fbd8f001e9ca,Social,0,1
2e8bdf9cf55603d3,Public,0,0
0a69dcffb1580aab,Tech,0,0
077361282726c952,Tech,1,1
282e408b3000e2f5,Social,2,2
f218030b57c69ed3,Social,0,1
70ac6c93de6d9b0c,Retail,1,1
caec4776061310a6,Tech,1,1
29411f4efc858359,Social,1,2
220402422d38101b,Social,0,1
ccf4ef90053acd7c,Tech,2,2
54575d00d8ea2398,Social,0,0
396abef57fe957b9,Finance,0,0
f55964482f2e1b48,Retail,2,0
a64ce843bda2805b,Social,1,1
777f7bae6cd4e731,Public,0,0
17932a8d1265a57d,Finance,2,2
8c3e7d4714b92fb1,Finance,0,0
c6a687dee7eaafdd,Public,0,0
ab4162e0b26c8532,Finance,2,0
719ebdcf089ce4b6,Social,0,0
e3bfe27e85689d3f,Finance,0,1
10c6b700b9371716,Retail,0,0
3f078a2a8451b8f5,Social,1,2
a16737c788e332c5,Finance,2,2
4762931cf15712de,Public,2,2
d3e0195909801db3,Public,0,1
9e99daf9568a8a86,Finance,0,0
b5132a8d5a5eab0a,Tech,2,1
467ae8df5bd8c3ee,Retail,1,1
ffed72a5390460c7,Public,1,2
4d17b8ce08cb976b,Social,1,1
6b12424a986d9c17,Social,2,2
b465e169b6e76503,Tech,2,1
5ad0d039e77ae4e8,Social,2,2
46be79f0a6c1aa73,Tech,2,2
425a0e636d1430a3,Retail,2,2
568fcfb3ff48ed50,Tech,2,0
36f10c7321075e11,Tech,2,2
193d7940d963eb21,Public,1,1
f3485611642dade9,Tech,2,2
6ea80efeba6a65f8,Tech,2,2
c5f6fde8cd7156b0,Tech,0,0
7235f04d61d01764,Public,0,0
6e8f32ca65f961f7,Public,0,0
be43aa9338ae2a6e,Social,0,0
02e0554595e608d6,Tech,0,0
189fc2dca01c18a3,Public,0,0
d353aa134bbc2ccb,Finance,2,1
fa7fd7578dfd4017,Tech,2,1
04a3cbf4ff6b9c5c,Tech,0,0
e0c26d09c2abbfde,Social,2,1
4dca7960efb8f22d,Social,0,0
596e5749cdabc68c,Retail,1,1
54dca5c343c240ef,Social,1,2
9946d5b894b9f8ba,Tech,2,1
d8fcbe43ac4afa9b,Retail,2,2
9f263ab752f9dc0b,Finance,0,0
03d7189f36cc3b5b,Public,2,2
f3f901ea0ecde708,Social,0,0
64d8fd57737a5e0d,Retail,2,2
78faaa94beaa3769,Social,2,1
0eec56f372100f1e,Social,1,2
a3fbf91ed6299037,Tech,2,0
987c4efd7055e28f,Social,2,2
42ff580bec30db2b,Tech,2,2
2c09e6abdfe32327,Finance,0,0
ed717e39cc925326,Public,2,2
1828e43c0bf48e78,Public,2,2
d2c89954decdb9e8,Public,2,2
9efb0263eb22926a,Finance,2,2
da5a259efe6d9184,Tech,2,2
df0cff70e5c4ef46,Public,1,2
18e9a36d6fc392ff,Retail,2,2
2c4c34c94402a5ac,Public,2,2
71f554743926303b,Finance,2,2
d1ba58e10e88eb38,Retail,2,2
a793bee32c001557,Retail,1,1
743723f7e0fb9169,Tech,0,0
0da9c44164adeb07,Retail,0,0
8ec8c6da70a995a0,Tech,0,0
8049ccea8d0c85cb,Finance,0,0
95502694227011c6,Retail,1,1
df063998b26be10c,Social,0,1
e27ac332a22ab70d,Retail,2,2
6d14f7615e3c8b15,Social,0,1
c7216d90a1aeaf4a,Tech,2,2
eb630c9edc92e741,Retail,1,1
2a1cf4b14444e299,Retail,1,0
b3b65bdc8c4240dd,Retail,0,0
9d10ae124af3350d,Retail,0,0
da80d321e3a42d57,Retail,0,0
9026affe09ddb672,Tech,2,1
b1cc859a072b14b5,Retail,0,0
6c7bbb3ee80447ec,Retail,0,0
361009129232ddfb,Social,0,1
4e38459413e2f8f9,Social,2,2
c7b26b1321354a84,Social,2,0
76c84c59d598b6ad,Retail,1,1
e8b543427087ee06,Retail,1,1
494d0329e3bb1bc5,Retail,1,0
4c6462057a4aea0e,Retail,1,1
6f6796b5101e8e7e,Retail,0,0
da2a7ffbf54c93bb,Social,0,0
4edb6560768181e0,Retail,1,0
38b0b1368523deb5,Social,0,0
be292c8840517524,Public,0,0
825439ff9cec7cb4,Social,2,2
eae900c091b0efbe,Social,2,2
3afb915b1f926bb8,Finance,0,1
3966917f2541be8f,Tech,0,0
77d7935020d35d47,Tech,2,2
750162f4158e3478,Social,1,0
42121ca537bad19a,Public,2,2
33d7babd67afd9cd,Social,1,2
17d28cc665e1253d,Public,1,1
26e4441a0fa2f428,Social,2,2
3d9e92d1b5e2f804,Social,1,1
0851ca19f5348f06,Finance,2,1
9aa9f2e7175b1972,Public,2,2
7fac2d1c6351fea1,Tech,0,0
83116c0a4df6ccb4,Social,0,0
6c63b6dee8d3e976,Retail,1,0
e79ef5dc6d52d0b1,Public,1,2
65969bf219a72fa5,Public,2,2
5cc1626edee34499,Public,2,2
b050b545bbcd467a,Social,2,2
dd866458499316e7,Social,2,0
fe4b862e3171d848,Retail,0,0
be48728eadb3774a,Social,2,0
2cf22dd5768e58d4,Social,2,0
3e90992578f5a78a,Retail,0,0
6b507dbcd41ef629,Tech,0,0
82eeaceee2b2b395,Retail,2,2
436b1059b8549804,Retail,2,2
2f868544ad8436c4,Retail,0,0
5b365014aad49200,Retail,0,0
ad9fa2eaaa8bd0b9,Retail,0,0
41621ab8a7b0b039,Tech,1,0
142f878d09fc3137,Social,0,0
cea9be61a9cb6c56,Retail,0,0
bb5c51b040379070,Tech,0,0
ffb3242b9b760a65,Tech,1,0
60706826f16fea0a,Social,0,0
0361e5cc2bf57ba6,Retail,2,0
a10112383a59b344,Tech,1,1
07da4a0cf699af40,Tech,2,2
c3222431f0c63299,Public,1,1
5dc4e320603db91f,Tech,1,1
a0575d4040def08b,Finance,2,2
5dd32d613af143d6,Tech,1,1
0c50a25f0c466432,Public,1,1
74bde23f259f9082,Finance,0,0
01141023edd8a40c,Tech,1,1
56d7e0ca07d9e295,Tech,1,1
99c2049a1e685fa2,Tech,1,1
878e1df6026397b4,Tech,1,1
0a7a7cd9a2af513c,Tech,1,1
b62d743b8a7605a8,Tech,1,1
97881de8bbea046e,Tech,1,1
a40ac6112c740029,Tech,1,1
8c932bdace1cc60b,Tech,1,1
9a015a0008390dbf,Tech,1,1
0c807abe369d7b2f,Tech,1,1
4fa731db1c937503,Tech,0,0
98c1ab9ec9192667,Public,2,2
bd9ec739c292210a,Social,2,2
59d9b57c2f4e4033,Retail,2,2
516e95af5e9823f6,Social,0,0
935ff1aaebb95606,Social,2,0
ae9e13999a945211,Finance,0,0
4fd7e76f3e4ddbe9,Finance,2,2
95245b7d25d7edef,Finance,0,0
f7a293db7be7c1a8,Social,2,2
0a17e68f553f1cf6,Tech,0,0
41024fdd5c9bf961,Tech,2,1
414447beb7d91cdb,Retail,1,1
e011729dbe13bd41,Public,1,1
372e833e01bc62c1,Social,2,2
946ab43263421ba5,Retail,1,0
1ed5305d1710e9bc,Social,2,2
e5663728280ebbd8,Social,2,2
d7110f11c8854e50,Social,2,2
2b385c22660f629f,Finance,2,1
0af15bb8d737582f,Public,0,0
15b879d509b160a2,Social,0,0
c6965999d03ac834,Tech,2,2
f51d82c498deb95a,Finance,0,0
8d34016d41111415,Tech,0,1
d04ed7c9111221eb,Finance,2,1
39eab2f1a0ace5e4,Tech,2,2
b66e459a15c5caec,Social,1,0
ce08b5b64d22a15a,Finance,2,2
ce486e21e0258900,Social,1,0
300bc53213266c59,Public,0,0
4bf2369241d0c80c,Finance,0,0
86278f041bdccc45,Social,2,2
b4c49419cfabe0f6,Tech,0,0
2c778a34e99c0782,Finance,0,0
02a63fa189cc1053,Social,1,1
ccfa10f28c2f965a,Social,0,0
9bcb8cbd3bda5fb0,Retail,2,1
e58ceee0535151f8,Tech,2,2
a15784f81b266d59,Social,1,2
fb7b9b943041a475,Finance,1,1
aae89c0c44d98240,Finance,1,1
973b88d6d3d23a61,Retail,2,0
40bc04ba91488967,Retail,1,2
aaadc507918b9ab7,Retail,2,2
99685941b97bab6b,Tech,2,2
b0fafe08b9451706,Social,2,2
d6ab98496c572199,Tech,2,0
b381b1b2d2342ed9,Finance,2,0
13bbe083334eb9cd,Tech,2,0
bef70b089ec99d9c,Social,0,0
bdd2110ab0a790c5,Tech,0,0
c80c0aff510725de,Retail,0,0
8afe6902d662635d,Retail,0,0
ffca256b7d204c2d,Finance,1,2
2de7365bd56d80d6,Tech,2,0
02dc1810ed56dbf0,Social,2,2
1b442e78e11c2124,Finance,1,1
40b48ab0c202b7ef,Finance,2,1
8ff1ad5476fa64c2,Public,1,1
ac36dc6b84980aed,Public,0,0
23b7d3d04e969abf,Retail,1,0
344282e00f7a5c04,Finance,0,0
5fed71216e88e7a5,Social,1,2
b0083fd117f37368,Social,2,2
73f3934aaa8ce9ec,Public,1,1
21c45d0e5d25be87,Social,2,0
b192999748420ef9,Retail,0,0
5676dfbe4e241f3d,Retail,2,2
734f8c39dfb127de,Retail,1,1
cf826d71f9330f24,Retail,2,2
ac8b94cdced73da5,Tech,2,1
3868fa989f22bc69,Social,1,1
38171e06db07ac65,Retail,1,2
8dc31c2f48b855c2,Retail,1,2
b99ee3a28a3b1a32,Retail,0,0
979caef323cd9533,Finance,0,0
ba5228273731bd50,Social,1,2
b9e8300cde31d22e,Finance,1,1
289cc535299e185d,Tech,2,1
762b74b31160057e,Public,0,0
056a825631be81c6,Finance,2,1
5ae25109ae42e87b,Retail,2,1
6e03a96042a05614,Public,0,0
b77250ffa06253a4,Retail,2,1
25ffe55dd864693e,Public,0,0
6dbd04ad7c206496,Finance,0,0
6dcc1cb4910b08dd,Public,1,1
d95c21b9b5c9a9a1,Public,1,2
0f0d3f51edafbdee,Social,2,2
2cbf243d4efff93c,Tech,1,1
e2baa7aeb776e543,Public,0,0
a287d0361ea4e3f9,Tech,2,2
d8ddd039c948cb5b,Tech,0,0
ae98a967e1867815,Tech,0,0
a43e7ccd520f11cd,Social,1,1
07067003ee77e905,Social,1,2
0c1dbe9cec269821,Tech,0,0
2e755e45654aeafd,Public,2,1
09fbc10061c3c443,Retail,1,2
8c0c57334418eca5,Retail,0,1
8fe29fac75a7b897,Tech,0,0
75a869ff31584950,Tech,2,0
86ba1d742a4900a8,Finance,0,0
4ed5f83e058c9743,Tech,0,0
8f0aa9b3d34047c0,Tech,0,0
c699071c8c41cdb0,Tech,1,1
7760a270851219c9,Tech,0,0
abd2c87c8fc02da7,Tech,1,0
a5cba4be10849407,Tech,1,0
7e7c755ccef64d62,Tech,1,1
93c445791b182a4e,Finance,2,2
b657325783586492,Tech,2,2
29fa1bd6dfa422ba,Retail,0,0
2128e606d36df37e,Tech,2,2
6303672f49be8c76,Social,2,1
21b57404ddc05f06,Tech,2,0
92ab46b194c6b44a,Social,2,2
96dd29cdc2de7b6d,Social,2,2
a31559092be91a85,Finance,0,2
e38f988513a399d4,Social,2,2
ce3659f55b6941e7,Social,2,2
8916b5b88206ed9e,Tech,2,1
4f38107cf00550a5,Social,2,1
76c67f8d774994a9,Finance,0,0
2278768d32581d5f,Tech,0,0
801cf16da273e7f7,Tech,0,0
442683b764b26137,Tech,2,2
64ff33b9e77623a9,Tech,2,1
5b554c34098ed3ac,Public,0,1
86eb7ffc76819370,Tech,1,0
26eaf495f1a59ada,Finance,1,1
c2b442ae42c90997,Finance,2,1
9773444504b03af8,Finance,1,1
d3b9a6fcc2afd4a3,Finance,0,0
e5b70c795980e5b1,Tech,2,2
ee7caf0634b11312,Finance,1,1
2f5a09a32a01ac1c,Finance,0,0
5e3d4fa4d4e7cfaa,Finance,1,0
ae932f809cdafa19,Finance,1,1
84b93811ed83c15d,Retail,1,1
a5f4ce2ffc61fd20,Social,0,0
18531d2ba355d274,Retail,0,0
5d80e439c4969f37,Public,0,0
2d459ca46a58da00,Social,2,1
3e32a5ab56bf549a,Tech,2,2
15901c66e18919c1,Social,0,2
23fa3270f530f1d4,Social,1,0
d5e3308fcf999081,Tech,1,1
0db3da33fbb0df34,Finance,2,2
91982e63fff2fe69,Social,1,0
a814d03cf91736ea,Public,2,2
afc967053c4cabc6,Tech,1,0
2b7bfc2b13ca5ab5,Retail,2,2
204384641ce58801,Tech,2,2
3422d52b76a92e89,Public,1,2
8f2c81bdbb98c5c4,Social,1,2
5f9d11bc8de7b393,Social,0,0
da1c673a3f352a32,Tech,2,2
316d9cc7c1cbd560,Public,0,0
b12f095e106b1e3f,Social,0,0
cc3305ab7765426c,Retail,0,0
a872b22cc6a27a59,Retail,1,2
34a0c8e15066bb95,Retail,0,0
8b9b28b84e8fb75e,Social,2,1
bad5404afac3eeb0,Social,2,0
d56212673b85200d,Public,0,1
3d5ac09e249cdca7,Social,1,1
9d7a09146dd0d8ea,Social,1,2
8f548be550895ae3,Tech,0,1
e74aa86e2c792b89,Retail,1,1
750b9de70fc0e0ec,Retail,1,1
305cc722d7f4d013,Tech,0,1
e664e5d478b334bd,Tech,1,0
15fb1cbb5b6e440e,Tech,0,0
4445602860f380e1,Finance,2,2
3d6ae3c5e11bc402,Retail,0,0
4878f703a1a03f73,Public,1,1
5444be2de0cf6a55,Finance,0,0
6cbc74bb7891593a,Tech,2,2
22e4231d37f75ab8,Public,0,0
67696fae7f2b60c2,Public,0,1
07120d1588e1358d,Finance,2,2
c0ac1c23e8bc2eb6,Finance,0,0
165c6b6bee3a6d9c,Retail,0,0
65198acd922035bb,Public,0,0
1c4c056c22c7d7b6,Public,0,0
2c95080fccc9b6d8,Public,0,0
29a2ce995529d653,Tech,0,0
e9c8f56b7b1642e6,Social,0,0
fe12a98d7bc50ea2,Tech,2,1
d43625fb523591a2,Public,2,2
70eb0cb0ed8b8e7a,Finance,0,1
e37a949a8e9d0a21,Social,2,2
dd48933ee9ae7b8d,Finance,0,0
3006ac2f4914f947,Retail,1,2
b529a7d5c62a0f21,Retail,0,0
e274e0df701de589,Tech,1,0
066ccb2563d91454,Retail,0,0
1a9b77b60b184090,Finance,0,0
410cc9d606e8ce40,Tech,2,0
d1ed7ef2a2804693,Social,0,1
174c288cdfa2efcd,Social,1,1
70bcea339f5bdde0,Social,2,2
02e98b42ea9e4c48,Public,2,0
dbb6266bfd4fbf14,Social,2,2
fe8f0cba2494d2cd,Social,2,2
6beeb4362467801d,Social,2,2
1b2cf5d8c6150759,Social,1,1
fa9e549d44455553,Tech,0,0
5f33e53cb65ddd0a,Finance,1,2
4ee10fcc8daba4f0,Public,1,1
477687eff4febbfc,Social,2,2
b316c9193ba95e59,Tech,2,2
5f6c0ce70ff9c09b,Finance,2,1
4ec9aad03a33fae6,Tech,1,1
b1b4edb97e7dbc76,Tech,2,1
c03fc8f339835d3f,Retail,0,0
bd7525dd06a80f2e,Tech,0,0
fb46b61b4b1198ba,Retail,2,2
f5491e6b369acad1,Public,2,2
a9c04d2409c3ce71,Tech,2,2
96bba3f19cd714b9,Finance,2,2
3733954d13660fdd,Retail,2,2
d7911b2ff7abd079,Retail,1,2
075cc17f4935905a,Public,2,2
86e0caa400ec56f9,Finance,2,2
e74ababd085eca49,Social,0,0
6ccbac7a4ffdc4b8,Retail,2,2
3ee05d9bf5ccccc9,Retail,2,2
1272e1035ad095d8,Retail,2,2
9adc2f2e9555dbf1,Public,0,0
9fe2195864f78003,Public,1,0
b2c010517d568aa3,Tech,2,2
608883649c80408c,Retail,1,0
c6f104aab7824dac,Retail,1,2
d64f77432281f4d4,Social,1,2
89eeb15c02dc3bf9,Finance,1,1
ad3c6c7157ca5beb,Finance,1,1
223284a982cc9221,Tech,2,2
14a16001cca12f57,Retail,1,0
04a5daee2ede5ddc,Retail,2,2
795d13f1d512286a,Social,2,2
3d669b79927247d6,Finance,1,1
acdddf8ecb2d7ff1,Public,0,0
bbc46b2ace3df4de,Retail,1,1
fae0603473f26a73,Tech,0,0
27f191af643bafcb,Tech,0,0
0c33efc49032e78d,Tech,0,0
4356a4e588fb2f31,Tech,2,2
4544ebe8199d73e7,Social,1,1
9f7c80418e3a24c8,Retail,0,0
295fd3d6aa2f4570,Tech,1,0
70044a89acac81cc,Retail,1,0
92a3003b6e315f47,Finance,1,2
643361242688b614,Retail,0,0
f7ea0f5ecdff6fbf,Tech,1,1
2f118e382eb7ab19,Tech,2,0
5f0ff19514979824,Tech,2,2
fef858c41d45d69f,Retail,1,1
9de56d60f44503a4,Finance,1,2
d7e8db683dafc7b8,Tech,0,0
db694d33291c9ef3,Retail,1,0
2642c5c780c03bec,Finance,1,2
8671b65f27c0adde,Retail,0,0
368e3c66131564ed,Retail,1,2
eaa70ce9ab093f38,Finance,1,0
a27508e1dbe2f7a8,Public,2,2
fbf33a21f10e799e,Tech,1,2
24d69fe72b0da201,Tech,0,1
c435b45801f6c56b,Tech,1,0
c4108922acfe1c85,Tech,0,0
0f21ffe686dffaca,Retail,0,0
2c76fa06913e6736,Social,2,1
c012bb3243cbb178,Finance,1,1
6933e060e0b5939e,Finance,2,2
44b2325fa07de478,Tech,2,0
72376a908ed5d852,Social,0,1
96ef5543adf22829,Public,0,0
12d1801879a10a6b,Social,1,0
76482cfb6680f6fb,Finance,0,1
e56bd2533c3a58c6,Tech,0,0
e8c76031b077de9e,Public,2,2
eb5e55c9c82d2ecc,Finance,1,1
574ace6397ad684c,Tech,2,2
1ffc83b705fc4afc,Finance,0,2
c663155ef7b936f9,Finance,1,1
7de5726725d7630a,Finance,0,0
e2f76d22082e840c,Social,2,2
ad34e0927f7bab46,Social,2,2
d7d19026a16fe4a8,Social,2,2
51d6859a8558ed83,Tech,0,0
9e7b07e695f640d0,Retail,2,2
134b96364c55299b,Social,2,2
09e092f39d9e393f,Social,0,1
815a3cae38dcf2e2,Tech,0,0
f8887faa0b75d337,Retail,2,2
4d97fb20fbb0ab04,Tech,2,2
a13c434539377353,Tech,0,0
f1f77c0a95b9bba9,Tech,0,0
fa4db0aaa570c55a,Finance,2,2
973a37aef92d69b7,Tech,2,2
d8b93b7d20152c2d,Social,2,2
b34e271cc6b27e61,Tech,2,2
6b1aaf4e47d005bb,Tech,2,2
b4e1eae0df52a34f,Retail,2,2
99852ddf504ab6fd,Retail,0,0
bc73eabb520b147b,Public,0,0
89910f06337804b5,Tech,2,2
7344559f2523d0b7,Tech,2,1
15232ffcfd4640e2,Public,2,1
5da05e8a93a05548,Public,0,0
7e2801155e6506ef,Public,2,0
ac7468dae7126e2b,Finance,2,2
f7f33701c1ce2ebd,Public,2,2
11ab4bff8ab50b4c,Public,0,0
d9ef5f5d7adad2be,Tech,2,1
d955549a3063ee53,Social,2,2
ac19316790e526c3,Tech,2,2
fd7a502e694fa3e1,Tech,1,1
988b5e556f2696a6,Finance,2,0
b17ed6dc1df5d91e,Public,1,1
b256bdefdc46777a,Public,1,1
a00ddf70e51888e8,Finance,1,1
064c061e5a827534,Finance,2,1
43ea6413383db563,Tech,1,1
0be1e99725288857,Public,1,2
a5415707c1f3c777,Retail,2,2
723d1d5af834a93c,Retail,2,1
4758a0b6b7490f6e,Finance,1,1
c9f6cc3d17e98d42,Finance,2,1
427c01742e12e7dc,Finance,0,1
d23d4a19e991b908,Retail,1,0
e4ea04f00f1f0bf7,Finance,2,1
ebe1e4c37be04d12,Tech,1,1
0c953f9394bfe9ea,Social,1,1
c72adc663b7a0dad,Tech,0,0
f8d51234be50d5e4,Social,1,0
4aa47319b3539123,Social,1,0
e38dc986d609ecf3,Public,1,2
b546d8716a538ae1,Public,1,1
8122bc1b5bb23238,Tech,0,0
b38884ff506e46ab,Retail,1,1
374dde221e3c3a67,Tech,2,2
a4ec9d4250caaa44,Tech,2,0
4413929ddd300d5d,Finance,2,2
0aaf9413b457a128,Tech,2,2
eba154301bbf19ac,Public,1,1
18e52eb110e4e7a4,Retail,1,1
b686ab964242cfc9,Finance,0,1
e7d0d8a90f6463d9,Tech,0,1
e9f0217b96683b4b,Finance,0,1
ac4f8be9e610ff15,Tech,2,1
0b163bd6e0f3099c,Tech,2,0
b29ea14ccac9c936,Social,0,1
7ae18a07b7547de3,Social,1,1
d21a017bcff0fcca,Finance,1,1
e6a4d352a7ef6e99,Retail,1,1
744d23d5253d6bcf,Public,1,2
d6c8053713270e89,Finance,0,0
5797c2f31ed51801,Tech,0,0
31e79c831ba03372,Social,0,0
e7a9195373ddcb88,Public,1,1
b43308452581d685,Retail,0,1
2d0efdb0079b810d,Tech,1,1
cf4eaf8c80d865ff,Tech,0,0
6962815b758d14ca,Finance,0,0
af8997f4db532dcd,Social,0,1
3511af84da747849,Tech,1,0
d091682c4b26ef45,Finance,2,2
ad8da4c347cba0bc,Tech,1,0
6ba6f6499c0e608a,Tech,2,2
3df8bb4b860ba77e,Finance,2,2
b4622dac370f50f2,Retail,2,2
5b10d24dcd188d9b,Tech,2,1
f6af40ac0bf231fc,Social,1,1
1703ba9f491028ee,Social,2,2
4dc3bbf3110c7c29,Public,0,0
79a5c87fad45f8f1,Finance,1,0
fcfbb2671aed6c2f,Retail,1,1
7132283f902e2aa1,Social,0,0
b9c7a7af8b3f351d,Tech,2,2
4f9cfc3a82100555,Retail,0,1
7625f94958d10aeb,Tech,0,1
52dce57eaf38f286,Public,1,1
515a5de82688abb8,Public,1,1
b1e48dbc4bd444f5,Tech,0,0
da0c20ad44e8e43e,Finance,0,0
cf3f61a298e050df,Tech,1,2
e3da3f9d2b90c60c,Social,1,1
80a894e0b42d6527,Social,0,1
41a9189bcdc6801d,Retail,1,1
9750b73097eed321,Finance,2,1
769bc1b16c8d54c4,Social,2,2
9e9fba10a9324bdd,Social,1,2
f50824fef6d32bcb,Tech,0,0
131657ff9f56c89b,Finance,2,2
72e04a099591abf3,Finance,0,0
005fdf624a9e131c,Tech,0,1
7bf0763672d5b7ab,Retail,0,0
52c34c59d100caa8,Public,0,0
e0cf1ab869a36f81,Finance,2,0
be572f894abe196e,Public,0,0
5f8dd3f3f87f9890,Social,2,1
cd84df70c8beb931,Tech,2,2
fde3ceeb127172b4,Finance,2,2
eb22bfc5cef3b1c8,Tech,1,1
edd10860b0f378c5,Tech,1,2
3df436fa03b9cd86,Finance,2,1
4ccb326edbc4e755,Retail,1,2
711638b92137d859,Finance,0,0
c8de7e21c0ee7f91,Finance,1,1
0883978ca6b0f804,Retail,0,0
699678bf98c5a9c5,Retail,2,2
3f279b807dfbdea0,Tech,0,0
41e897c02dade356,Tech,1,1
a79928c20a7891c0,Finance,2,1
4b423e0a3198852a,Retail,0,0
3104891c57e1bfab,Finance,0,1
e116a26071d24505,Retail,1,1
1921bf7368258f72,Retail,1,2
5c9fffcd0dc4a449,Retail,1,1
0a18377796b47ab9,Tech,1,1
848d665c482704e9,Finance,2,0
59403132f0f349d8,Retail,1,1
ce695ec6d3a37a54,Retail,2,2
974775a586c1af21,Tech,1,1
e62ab0ca5148b2f6,Retail,2,2
8311afba9cf6e6a3,Social,2,2
bc7a6bc2c6ad6a0f,Finance,2,2
bf11a1446e00c9ac,Finance,1,2
b3ee917915051825,Retail,1,1
bcfc07f2f9d8e64a,Finance,1,0
b5e792003881cfb0,Social,2,2
6920b4db0aaa2a06,Finance,0,0
6a5cb519d70be1f1,Finance,2,1
f75a27fe9493a0db,Social,2,2
7642b5f067245e8b,Finance,0,1
0afdb733dba01b53,Social,0,0
783047b353af296d,Tech,2,2
92416bcb0a3fdd64,Social,2,2
4191371a8360038d,Social,2,2
c276f4f3123c1a75,Tech,2,1
257d1349520f6ca1,Public,0,0
58eb1a7bb9b3e664,Retail,2,2
417087f3a234e1a2,Social,0,0
2339fda694c5de6e,Social,0,2
0f8f63de6e1254be,Social,2,2
190714ca4199cc6c,Retail,2,2
2e2efff9676bac26,Finance,2,2
fa453df9e7fbddab,Finance,2,2
b5d124b031572adc,Finance,2,2
363991eea4fdb46c,Tech,2,2
8b5fd4d1015ade60,Social,2,1
1ae9c6b1698e3a85,Tech,2,0
1ba515709efd9516,Finance,2,1
623e0e5d08149e49,Tech,0,0
c2c34a90f42e7123,Tech,2,0
6641536e846ea0f2,Tech,2,2
4c0626a1c132af8b,Retail,2,2
75a00e907b95dc0a,Finance,0,0
6d1ca362730707e7,Tech,0,1
ac8cc951c59a5797,Retail,1,0
f251c1adb36fd299,Social,2,2
18ddafe6b6d43af1,Public,0,0
4c3fb9db4439d3e7,Retail,1,1
383e16b34ff82c1b,Social,2,2
ff407d8cc7ca2f7a,Tech,0,0
ef94b5d5853dc25e,Retail,2,2
5cd288fabf7ddef3,Social,0,0
28cd774dedcc77c4,Social,2,2
aaa8567c28cd606f,Finance,0,0
3d133af073f991c6,Social,0,0
b76a10d87a021f4e,Finance,1,1
02136fc74d3bed8d,Retail,2,1
d42981474f3ff582,Tech,2,1
947fe9dc9b193a91,Finance,1,1
c67e5becee34f61f,Public,1,0
375d54b40045a535,Retail,0,0
5ecc19992aea969f,Public,0,0
be3d953beeb9b5cf,Tech,0,0
ad0a5c089070eb5d,Finance,1,0
216bd782b3a13afb,Retail,0,0
9836b1eac6196553,Public,2,2
3731a187d24cd293,Finance,0,1
03a54aa16867f058,Social,1,1
0b0705edf5293d43,Finance,0,0
6f1e1836b6f7f6eb,Finance,1,1
8c020f834fc5c2da,Tech,0,0
7538eb30fbfc276b,Retail,0,0
88d96a9cf029e702,Tech,0,0
98bef0a5746ee795,Retail,0,0
892872b53e02f213,Retail,0,0
d6a64c8949072820,Retail,1,1
82cdc6f73bdcb2aa,Tech,1,2
30d9f6727621fa65,Social,2,1
665e8110ca2dddc4,Social,2,1
938515ca60156f87,Tech,1,1
4d165360037e3a6c,Tech,2,2
37ef636963567b08,Finance,0,0
ef8a490d8964f2b4,Finance,0,0
cecbfbd7d363331a,Tech,1,2
cc52c834a8de7a2f,Tech,0,1
9a15bf762aa4feef,Tech,2,2
a7bfa5a4d447ca6e,Tech,0,1
4075d80e1f90a681,Finance,2,0
5548a6ef248cd4fa,Retail,0,0
e57a1fc173d8d632,Retail,2,2
243df7d2b5213f56,Social,0,1
ed45748a99a91d92,Social,2,2
2a27999c9155407a,Social,2,2
0c2cdb19da253800,Tech,2,2
e9b3d6ebc25cf455,Tech,0,0
704c7715981c17dc,Tech,2,2
3cceb5b6733b8aa5,Retail,0,0
a3b67cb7c6f6a92f,Tech,0,1
fa8d0a1b3491a068,Tech,0,0
f43d9d43389da183,Finance,2,0
08cfdfc6ea79d8bb,Tech,2,1
e5e9a45e3f7fa6b8,Tech,0,0
c2c71523f24cb02a,Finance,0,0
644174994cb25d5a,Retail,2,0
e2d7552bb2f0c178,Tech,2,2
1aa1101df8522a29,Finance,2,2
e4fbc927ce4c29d0,Finance,2,2
30a62ae928ff4813,Tech,2,1
8ec5abf8c67cc39f,Tech,2,2
8fe35f363bb91729,Social,0,0
33f2d32011bababa,Social,0,0
aa09859a3c510689,Tech,2,1
50d41d163c072a8f,Finance,0,1
5f89bea4a50d7dbb,Tech,2,1
7595f7a3ed2acd64,Social,2,1
5d50429172b22c90,Tech,2,0
9ab3bf5d9366d1c7,Finance,2,1
9b564fd4bb96dfd1,Tech,0,0
ed6e20250b8b12f0,Tech,2,1
7abf22e170345a79,Tech,2,1
b10a76eb40b87c75,Finance,2,1
847c011fbb5acbdb,Social,0,1
38be2ff1baa3831b,Social,2,1
70299b1a59b026b9,Retail,2,1
b3e617deb65456ed,Retail,2,1
edb69d47c36bafbb,Social,0,1
ee39daf4536667ec,Finance,2,1
614daebf388a4d84,Finance,2,2
cf59c739460afc71,Tech,0,0
62ff086d0db225c4,Tech,0,0
9efe658d2fdc260b,Finance,0,0
6b949bbebd2445a0,Tech,0,1
f0dbe58f335f2bb6,Tech,2,2
f6580d66b0547dfe,Tech,0,0
07bd831593d0746d,Finance,2,2
b5e270afd7b50020,Social,2,2
a53aa0f50a4a37e6,Social,2,2
a50b7e2d3d32cbc9,Social,2,2
83067b3b5b481789,Finance,2,2
0402160df0c7bdb7,Social,2,2
1db8884c269926fa,Finance,1,1
a92d98675db3984d,Tech,0,0
34bb9a025f885626,Tech,2,1
cb95ccc8f1e41ff6,Finance,0,0
b40954b01304bfa2,Social,2,2
7f1439d4dc5d97a3,Public,0,1
9ae770bb2911fe84,Public,0,1
b18e68ed6ec6ff0f,Retail,2,2
517bfc751d8372a0,Social,2,2
62f4c56791679aa8,Finance,2,2
a26fd28f03b29e6e,Retail,2,2
06e1acbef31b1c9b,Retail,1,1
bdce0d17d22adfe4,Tech,2,1
72dec48da1a56aac,Social,0,0
81996da74de974f0,Tech,0,0
d0f1d98ef1bfcf6e,Social,2,2
d931fd9a69a58230,Social,2,2
d52764f6ef6a731f,Finance,0,0
a2d5a215fd05a0e6,Tech,2,2
b7f395d756c5871c,Finance,2,2
05856cbf749037c6,Finance,0,0
ec4ee0e96611fe14,Social,1,0
8cffd13f90bca67a,Finance,0,1
ad9f5b12439f7b10,Tech,0,1
a9b63fa07ef2d8fc,Retail,1,1
0281afe33ffb6764,Finance,2,2
625a5fdcb0a6f464,Finance,0,0
adf8c8d90d91bd29,Finance,0,0
01701b72fc8489d8,Social,0,1
c3705a09e0b9a39b,Finance,0,0
8af56e7164a05aca,Social,1,1
cebe612619849019,Finance,0,0
0b6a83fce93c489f,Retail,0,0
b3c66b5f1b174450,Social,0,0
9b48a7c61851889f,Retail,0,0
a1861fe239aba3d2,Public,0,0
abe5430fb5ba3c0d,Public,0,0
3f327f71b09806cf,Finance,0,1
8e666e2f753eab12,Tech,2,2
03e4d75f835732a9,Tech,1,1
57251e0932282f51,Public,2,2
831d7b81df22f18a,Social,0,1
e6b055d5e259c636,Retail,0,0
7f63cd2817f92b06,Finance,2,2
b8810f6c1d8e0fd1,Public,0,0
ccb7e1db79e72fa4,Tech,2,2
6b0a889efe675e87,Public,0,0
1a8e569ac5c4dead,Public,0,0
c40b4089aa20c091,Retail,2,2
11109eab622ef6f4,Social,2,2
22bbef43c312c2b8,Retail,1,1
d2edfae8e63f3eb2,Social,2,2
db76553609eaa7ec,Social,0,0
8fd10e22e6a18640,Social,0,0
1befab49a0d86bb4,Tech,2,2
5d1d0a8dd06abc70,Public,0,0
b3a44655f3ebae11,Public,0,0
5c16996699ae4ecf,Finance,1,1
80914bcf1d4e0ef6,Finance,1,0
967c8eba21c87aea,Finance,1,1
9744d73a13b1b502,Retail,0,0
ef6f6876837691bf,Social,2,0
50213e4ffcc99f3f,Tech,2,2
b62f358eac5ff614,Finance,1,0
1775f4670bbd2aa5,Finance,0,0
9cc279001471106c,Public,0,0
8078ad842a31f3cb,Tech,2,2
4d7084cfb941efb4,Retail,0,0
7df7bccb59f43cbd,Retail,2,2
77c6d22648b35039,Tech,0,1
3301437043b3e235,Social,0,0
6ab5f397e7f4d815,Tech,0,0
80f28841bcdfd633,Tech,0,0
5c5d4a189104b884,Retail,1,0
916fbd0e5cc600d3,Retail,1,1
f2afc8806c90e68a,Finance,0,0
a9a1bff46ffe275e,Retail,0,0
12382788dd6fd5d3,Social,1,0
06c9edc4406eaf67,Finance,0,0
b605d3881dcbaaa2,Public,1,1
5072e7b5a5da2c05,Retail,1,1
24febdab415d2a90,Finance,0,0
1eb95bc284563fa2,Social,0,0
4630ac3663fdd2c4,Retail,1,1
9b6f30cbb90e44b9,Social,1,1
7e101588572f664a,Public,0,0
2f776b070ef47e97,Finance,0,1
665e4f7da79eea45,Tech,2,2
5090f856e11ac299,Retail,0,1
eae42e1c46c8b064,Tech,0,0
9a959be019a28a64,Finance,0,1
bcb6b8bb209baf1a,Finance,2,2
44d54ca536a01e3a,Retail,0,0
955dca20907151a5,Social,0,0
cfb0f5470d220c4e,Public,0,0
964e2c10219757f4,Finance,0,0
d026bfaa87dc6081,Public,2,0
2260ddbaa244b672,Public,1,1
7bb1349757fdcb34,Finance,0,0
229f101ed68bb801,Tech,0,0
8ba20a52cb74d084,Tech,2,2
d0f2c8991d6ce189,Public,1,1
a98fc62cdb2fc8f5,Public,0,0
e942db0a72030e19,Public,0,0
afed2998ccf1a2b7,Social,0,0
86f110e984fc8e4b,Retail,2,2
353f148c58625860,Finance,0,0
5a04d3cff9d7a377,Tech,1,0
64b659c6079543db,Public,1,1
a4d2324c8dff4bc7,Social,2,2
c2b1e3a78cc4cd0e,Tech,2,2
e730d163ef5fb56c,Tech,2,2
18a1392ea4befcaa,Retail,2,1
72fe4b90cce9a818,Retail,0,0
304205a2311ca0b1,Tech,2,0
54074b1f22eda3cd,Tech,0,0
eb2b8f9dad1e923f,Retail,0,0
1d01d53b02aa1601,Tech,1,0
1a824fd338c8bed4,Retail,0,0
9a38ebd45ea887f4,Retail,1,1
f5f32cdb6151074b,Tech,0,1
b2d78f0e5c8c88dd,Tech,1,1
0322dea35dae886d,Tech,1,0
0d3655f9c832fef1,Tech,2,0
282c26462140693b,Tech,1,1
824682ca8e9a1809,Tech,0,1
a3d8923566f3e178,Tech,1,1
7de73e69b2c15ef0,Public,2,2
8dc8eaaba328cde5,Public,0,0
2d2da662217e3cf1,Public,0,0
3258ae9eac3c54a1,Public,0,0
ce0a5e3b399b4dae,Public,0,0
6bc67a7f650d2fe7,Public,2,2
f6d021873e65f234,Public,0,0
b867c22593cc529e,Public,0,0
642887d55c9c239e,Public,1,0
497a8e7e6d2a73ba,Public,1,2
7d3571586f612046,Public,0,0
e6eaaff3312b8bde,Public,0,0
5de4b66e0c33d22d,Public,0,0
f74eb38fe8bfa480,Public,2,1
e7f11720d07eb4a3,Public,0,0
d5252b54ff5255da,Public,1,0
d47e068d31f527f7,Public,1,1
e399914492b95f48,Public,1,1
74def28e337c296c,Public,1,0
336b0ca0b28fd995,Public,1,2
b1656a1aa4f042ec,Social,2,2
846e80fe31aa2a51,Retail,2,2
bae6a23997b32414,Tech,0,0
1fecfcb31e5f23ca,Social,0,0
1c10a4145bf07888,Social,2,2
37bbded219ddc24f,Tech,2,1
625095e0df8b0b62,Finance,2,2
3f435247d92423a4,Tech,0,1
7503e801076475dd,Finance,0,0
e55068d34eb841bd,Tech,0,1
aad80254b8fd9608,Tech,0,0
fcc4667bef491ab6,Tech,0,0
48f3060fc98ae32e,Tech,0,0
0f7a93ed4544b164,Tech,0,0
bec9692f9600745a,Tech,2,1
4e259f0952e04968,Tech,2,2
1c6752f129eaba9a,Tech,0,0
bb15cbe87b4a0683,Finance,1,0
0d9c71822f3ba351,Tech,0,1
d82d09bf52516015,Finance,0,0
0142c43b33421278,Tech,2,2
1dab974f540e4b25,Finance,0,0
a632f03e717fce18,Finance,0,2
3048eb42ecb82bb7,Tech,0,0
1201684f31849734,Social,0,1
1b397239c530bba0,Retail,0,2
068c71cbed4fc3ab,Tech,0,0
10d3aa73a1255ea6,Social,0,0
953d45850bbea49c,Finance,1,1
187919f47b3c5a57,Retail,1,1
a4721b0d9e13c242,Retail,1,1
1d089021a803ad1d,Finance,0,0
b4bcbf225281ba23,Retail,0,0
7bb9460a74fc0122,Finance,1,1
2c0b6b336e7cf153,Finance,1,1
5774d2ac4ecc46db,Tech,1,0
60bcbf3bce4410d9,Retail,2,2
e63a01cf01c19321,Tech,1,1
6cb5804fa03ef4fd,Retail,2,2
7a73dbfbb15720a4,Finance,0,0
49c2f5a8de980e20,Retail,1,1
c04234b0308666d6,Retail,1,1
883801a0ddfc58c7,Finance,0,0
4120a7c192d0d67f,Retail,1,2
d2a4beaf2f302717,Finance,2,2
12da5d85092ab73e,Finance,1,1
7c0507090f66e7f9,Retail,0,0
d7dd1153afefe642,Tech,0,1
4a84c497f1f62ee6,Social,1,2
6ba6ab0439fb80b9,Social,1,1
bfe90d44cac2f00c,Social,0,0
a110a879bc6804c7,Tech,0,0
76b183e43bb2ad44,Tech,1,1
029aa938638247c2,Social,2,1
3009cfdb73ebac30,Retail,0,0
abc16ddee9890743,Tech,1,1
b5bf2f0827773a9d,Tech,1,1
32e24adca8cd7a58,Social,0,0
4abd380de806d4b3,Tech,1,1
0023dc731b17d09a,Social,2,2
b8544558d0a8744f,Finance,2,2
790f86d2b30f16aa,Tech,2,2
f7b88f52d7a0561c,Tech,0,0
1f5cc0eb14c9d0c4,Tech,0,0
26bcca646a2ec8ab,Tech,0,1
6b82ba2280adb10b,Retail,1,1
27c44d3d53242ab6,Social,0,0
b23079bd0c9ca7eb,Tech,1,0
b2db4509f385c74d,Tech,2,2
f8b823a5463e4e13,Retail,0,0
bbfb2d937ef1c550,Tech,1,1
02d9a3454bf1840d,Retail,2,2
3f4ae1bd6c014dc0,Retail,1,1
5f453116bfc6a8b7,Public,2,2
ff88316640462e20,Finance,2,0
4fd45c714f7a4335,Tech,2,1
241c2501fa9ae133,Social,0,1
dc1e6ba5aa8c969e,Finance,2,1
0cbe5ec82b20724c,Social,1,1
9b42416a89bbac2a,Social,1,2
aed8def901defff0,Retail,1,2
c1b10832d1f74ab8,Retail,1,0
e0c7b4ad81013e53,Retail,0,1
59e438d69e87a456,Social,2,2
b6956d3f42b61b5a,Public,0,0
7707ef3e03e58ea1,Tech,2,1
3fc1d6779760ffe3,Social,2,2
1d583dd19bc8795f,Social,0,0
b70ec50dda27fbe9,Retail,1,2
e6cbcc961b663b2c,Social,2,2
55882a51d7eebf18,Retail,1,1
b879997222b67746,Social,2,2
543f3efb5c55b381,Social,0,1
ea623f759325efd6,Finance,2,2
237a96139a97ae63,Finance,0,0
cb5611779fd038fb,Finance,0,0
6099e86aa6fba2e0,Finance,2,1
f13472640290eaa8,Social,2,2
911397fa6cf48901,Tech,0,0
6f83f76bc10514a7,Finance,2,2
88e3a45c261c24ca,Social,2,2
8be0b950485c51ca,Social,2,2
402e60f4b33d33c0,Social,2,1
ab361b56aa38acdc,Finance,2,1
a6ef9957bc55f9d6,Finance,2,2
4c63a98606c50660,Retail,2,2
282fd46e74299d82,Finance,2,2
80c61d742f14c57e,Tech,2,2
36a39c269d4d0b7f,Tech,2,1
8447e2810b5d2666,Retail,0,0
92d0710e180b2678,Social,0,0
b0e31084d20b9ab1,Finance,0,0
d5ae9df2b99bb3d9,Tech,0,0
4beae4123899eee7,Finance,0,0
4046c00d11188415,Tech,0,0
ef2586d01ca32fe4,Tech,0,0
9f85627f3659901d,Tech,0,0
d81736b65a18ab54,Tech,0,0
afaa911aefdf74ec,Retail,2,2
c18c3c7fc0ba347e,Finance,2,1
e9d9216009f679d7,Finance,2,2
4ca32857eb32c95f,Tech,2,1
a19a7ce3d9cad116,Finance,2,2
cda527c6a533cdab,Retail,2,2
20a1c65e389e74ba,Tech,2,1
40a8962f8225b4a5,Tech,2,2
352ab44cf4ad8b3e,Social,0,1
2ce00fd3e5a3cfee,Finance,0,0
61797c2876544a46,Tech,0,1
af98e8d7b71ca11d,Social,2,1
00711540898335b4,Social,1,2
69051f4c5f4e90a3,Retail,1,2
60e20ef32dba55e7,Social,0,0
f2aa82372d3f40b9,Tech,0,0
cd116d98bb6140ce,Social,2,2
40de2f488370ea1b,Social,0,0
f145a53eaf700e5c,Social,2,1
3b07d3b919c4f292,Social,2,2
7cc945f2cf538cff,Public,2,0
ac1eeca624744663,Tech,2,1
6392592070c3f506,Retail,0,0
535ce6ef37111e8b,Finance,1,1
b2360c26a0fa5c73,Social,1,1
fce4affde9f9dea7,Public,1,1
deda402cccf809bf,Social,2,1
cc8d5990f4254fb8,Public,1,1
d80b452748bd00c7,Tech,0,0
ddc9aa7da28414cf,Finance,2,2
f28042b734414f20,Public,1,1
7715b182a1e89a6a,Tech,2,2
7463bb53b02899a5,Social,2,1
b9ada8535c7780e3,Social,2,2
78d92b5e88567c5c,Social,1,1
82bfc359bf4139f3,Tech,0,0
f13d3049ac4e60c6,Tech,2,2
879633bdfed6e3bd,Tech,2,0
9cff7bc15417cbd3,Tech,0,0
48f0390d2b58d587,Tech,1,2
6b85b9f8341f5660,Tech,1,2
b85ea5883189e8f3,Retail,2,2
93eeafb3e6ce7c8e,Public,2,2
8c3d645e4cff4366,Finance,2,2
14976e975862bebb,Retail,0,1
abfa7dd7c17b0ae4,Social,0,2
822da1290d62b246,Finance,2,2
449998ebb209b175,Social,1,1
25de3a68dfdb5913,Social,1,0
1286335bc9911810,Social,0,0
a390ebbc1e4f2f47,Social,1,2
76f967a69a3553ee,Social,0,0
c1f9ee962b4cdac4,Social,1,2
e688dc2f486833c4,Social,0,1
41c2e2d3821aa41f,Social,1,0
54f8f743008e99f8,Social,2,2
3e9ee0d3e3c7b666,Social,1,1
8e9eb1df823598b3,Social,0,1
4df8e513d68f2d21,Social,1,2
55a456f1d9ef90b1,Social,0,0
24c5d38125ff0f55,Tech,0,0
a908584402e40f11,Tech,0,1
d8d32121636d73cd,Social,2,2
5c7bfaa36a0723c2,Tech,0,0
853648a8c3f9f4d5,Retail,1,1
06afde9dd1473e09,Tech,1,1
9080d96c017984db,Tech,1,1
aea79e39fe008243,Finance,1,1
97c66a694cb3468b,Public,1,1
32281452eb0a753a,Finance,0,0
2ae25b5ecdba1469,Finance,1,1
dbdf1c9ae33853fc,Finance,1,0
0d2b511c604ef4e8,Finance,1,1
8042296486526555,Retail,2,0
17f28262f8e4d9d8,Retail,2,2
8a5e7a18bf6268de,Finance,1,1
ad872d5ed9628f13,Finance,1,1
96a45a707ba31313,Finance,1,0
87a49daa10274a9f,Finance,1,0
4cb55fbcc59da752,Finance,1,1
53259838251d2e6f,Finance,1,1
aa3a077996f49760,Finance,1,0
e586f9ef7b898fa8,Tech,1,1
d519a95edc06cda1,Finance,1,1
806f4700289f04e7,Finance,1,1
7d31f7d6fe284d24,Retail,1,1
1c9991401557bde8,Finance,1,1
b643d7410ebee228,Finance,1,1
75e9e9c8de6dff5a,Finance,1,1
8985e23ba698f916,Finance,1,1
ee30a1cfbf2d30ed,Finance,1,0
b4de4b9ae7fbfd6e,Finance,1,1
06ad3dc03b7d20ed,Finance,1,1
c950e01b52fc9fd1,Finance,1,1
227e07a450ae1908,Finance,1,1
775bade8bd76ce34,Tech,1,1
cbef19e26c09c059,Finance,1,1
03804534f8edd373,Social,0,0
2180a440692867da,Tech,0,0
3308acaaf2535e3c,Finance,1,1
74087c4c557ff027,Finance,2,2
80548ae6ee287311,Retail,1,1
70d8781e5e3a40ba,Finance,1,1
1fe1600e0f917027,Retail,1,0
fa01f85c1e644d0e,Finance,1,0
7b2725fe17334052,Retail,2,2
25bc04bf6084c717,Social,0,0
5bd9f5af25a67a13,Retail,2,2
5c897088b5b62015,Retail,1,1
9e89003ee2ac915e,Tech,1,1
d6545648de591882,Finance,1,1
90d40b89c7e8dde9,Finance,1,1
7b830c3b4c354ea4,Finance,1,1
213d5778957c8323,Finance,1,2
217c804f99456a11,Finance,1,1
f44475933b78c188,Finance,1,1
3ffc77a738586f80,Finance,1,2
d2ae54841e9ba797,Finance,1,2
251aa71b74554869,Finance,1,2
05a30858a8fe5435,Finance,1,2
48783b8ac6a8361d,Finance,1,1
8bb1524f8ca6dff2,Finance,1,1
0cc442d8e063e168,Finance,1,1
f4b64bed14d13099,Finance,1,1
b9934916fbbba914,Finance,1,0
2b474644e73070fd,Finance,1,1
19b057627e1fb6b3,Finance,1,1
d7245aa498d5f524,Finance,1,1
359d2c340e25ea7f,Finance,1,1
7a220406350f78f9,Finance,1,0
db4f566fa065d5de,Finance,2,0
cf1db6566297004c,Finance,1,1
2b8a5dbf100e5be2,Finance,1,1
d7cc0325851c953d,Tech,2,1
53dc0b6039573cfe,Finance,1,2
1ea381a13abeae9d,Finance,1,1
05cb076e51fd1865,Finance,1,1
0eda659dd6eb9bdb,Tech,1,1
11e5b3b37c285f65,Retail,1,2
053ec09d5e35127b,Finance,1,1
d0a1c45c4d411e68,Finance,1,0
f58441eb29608657,Finance,1,1
e2df892e524bcf4e,Finance,1,1
32077aae29f6a201,Finance,1,1
35eebd8bbad18721,Tech,1,1
273deee7b6fcae3d,Public,2,2
6e6f8ad8976a8395,Tech,1,2
b21587886547acd6,Finance,1,1
1a650144060780ef,Finance,1,2
33c01a380e2a8c69,Finance,1,1
28b5933eccfd1163,Finance,1,1
08485876cdb601a0,Finance,1,1
33d669fb6dbf1bce,Finance,1,0
06ce81793152ee47,Finance,0,0
dc6c2678874ecaba,Finance,1,1
d5868ca0e5d10e9a,Finance,1,1
3c9ebd542cd886f5,Finance,1,1
758c4e7afebe7c25,Finance,2,2
443697043c32a428,Finance,1,1
36db5ef42e082f68,Retail,1,2
f686676583f44dd1,Finance,1,1
51cac8c4efcf8098,Tech,0,0
335c5df977253a8b,Retail,1,1
c2a2b0e1a3ddc925,Finance,1,1
29032bd8db2a47c9,Finance,1,1
562310842e00ee00,Finance,1,1
1a7a75167abd7e06,Tech,1,1
24460c8c7430c1c0,Retail,1,0
95ecc1e0b1db947b,Tech,1,0
2c277b4553ba93e9,Tech,1,1
a912f4101b3a0f88,Finance,1,1
66acfbdbdb0108df,Retail,1,1
8773fe055e531bb8,Retail,2,2
528fb10027d36fe5,Public,2,2
d583c15972bb2d46,Finance,1,1
2eb9a18f87fd3b67,Finance,1,1
d11c75c0479bf508,Finance,1,1
e4d318223c88e689,Tech,2,2
2581b8a736b69c3e,Public,1,1
3b7a47aaf66bc883,Retail,0,0
cb52ac642c69ad13,Finance,2,0
6dcb8bc2767a6357,Finance,1,1
0ff837759b6c5305,Tech,0,0
07413cc458df436c,Finance,1,0
898a7439d2088139,Tech,0,0
66e776bbccbd4ee8,Tech,1,0
fb322803dcc5e790,Finance,1,0
de0250c53f11c2d6,Finance,1,0
7c548e769186234f,Tech,2,2
850ccc3f549c2ff0,Finance,1,0
9bb371e68e90eae3,Finance,1,0
7c7e01fc2bc6d282,Finance,1,1
d4d2077162b642d2,Public,1,1
0295bdd3888f6ce6,Finance,0,0
86cf9ef9011f52d9,Tech,0,0
ecb2b0bfc508814a,Finance,1,0
d47101dcd49c192f,Finance,0,0
153e0b0121dde6c1,Tech,1,0
a30484c799d97d32,Retail,0,0
95011e4dbc75fdc5,Finance,1,0
8910c75e1b9713fa,Finance,1,0
2590862aa5214a40,Finance,2,0
9f83970330891014,Finance,1,2
c10a256a1234b124,Tech,1,0
4a424660147f31c8,Finance,0,0
1e9d985cc283b11a,Tech,2,0
ac905c3b4d55706b,Finance,0,0
16b31a4171855e4a,Retail,1,0
0d01f8fba7955c8f,Finance,1,0
7852d57ba8610e60,Retail,2,0
4bbb6614016db1c7,Tech,1,0
b8dfef232d280dfc,Finance,1,0
afe4a4ba8f79e6b1,Tech,0,0
074214417d2d2219,Tech,0,0
f92a7faf5782a7f7,Finance,1,1
6bc7d2813910bf04,Tech,0,0
a47f840b85b97d70,Tech,0,0
f516417c840df75e,Finance,1,1
807dde434b5fb7a1,Social,2,2
4f5a3917a1da1865,Finance,1,1
0b9f218aba07cf23,Finance,1,1
997a81e41cffa27d,Tech,0,0
9e6aee98e5f5ac77,Tech,2,0
342ac4442b8a48bd,Finance,1,1
d0d36c5fd0aa980b,Social,0,0
53892b5cde13c3cd,Tech,1,1
aa2f6d806fd0cfc7,Tech,1,1
49a4ad9f5d3d4198,Finance,1,1
eb942dc8ac22fc4c,Finance,1,1
2bab1a60ed123596,Tech,1,0
83c383e0e8d2c939,Finance,2,2
a56c51f1e54aa8e9,Public,2,1
f09ceafb28b37df0,Finance,1,1
eeb6fdcb66c549b3,Public,1,2
8b03e32e6aa9bc9d,Public,1,0
ba2a89bef88637f9,Public,1,1
83084d35ad4dfa5c,Public,0,0
c2d7fa0d442b85a6,Public,1,0
24e7e29a6b5f589b,Public,1,1
a1ae27fa44746cfa,Tech,1,0
c05fc05a710ff59b,Finance,1,1
d2243485a9a962fc,Retail,1,1
ecf6e86814fd208b,Public,1,1
ec8b4680791ed7f4,Tech,1,1
91596c60cfb892fb,Finance,1,1
0adec618f33dae29,Retail,1,1
6e2683b49573fe70,Retail,0,1
0bef2feb6eb2ae96,Tech,2,2
970ba51069931b47,Finance,1,1
761e84d587cf3068,Finance,0,0
e26d44e42f24f890,Finance,2,2
7b6a9ca7fed72e90,Tech,1,1
3235a3d9c5437b1f,Retail,1,1
77c7f4ee60a4d6d2,Finance,1,1
68a51d462c5485bb,Finance,1,1
4a2739a61dcff238,Public,1,2
e160d31c53747139,Public,1,1
b1702326c67637af,Finance,1,1
c953bc9703caeb56,Tech,2,2
7e7f2779cb49537e,Finance,1,1
ed1a187bbe7a3cfd,Retail,1,1
6cfba53e84dca773,Tech,1,1
52303809ac834fe1,Tech,1,0
279c5eb166226591,Retail,1,1
89c1ef2dff156f42,Finance,1,1
15349fc6635f6858,Finance,1,2
329aecdf014be5e1,Finance,1,1
97861f4f75a6e021,Retail,1,2
1bf34be12d3a259e,Retail,1,0
705890869a9b49ae,Tech,1,2
0929e24fd46402f7,Tech,0,0
7a6e8699385d0bb2,Retail,2,2
9b0f8f20cf26f6aa,Finance,1,1
3909052d6f13ae4b,Tech,1,1
68b64f052a43d07d,Finance,1,1
b840004772d70560,Finance,1,1
de2b92732dceed00,Tech,1,1
2cef2d9248caa53d,Finance,1,1
5b1495718f01637d,Finance,1,1
c36c95b856740e65,Finance,1,1
94c2c04e4efe5d73,Finance,1,1
9be379f0afbcfb48,Retail,2,2
93d4e5cc654f0360,Retail,1,2
66504b170b74571f,Retail,2,2
bb96eb424b0aca6f,Finance,2,2
e41f6a4f56bdc618,Finance,2,2
771046bd83f82381,Retail,2,2
98c01f5ba559f969,Retail,1,1
20ca717a74d38f97,Finance,1,1
08fe8bb52a815737,Finance,1,1
9e05611562f5d8dd,Tech,2,1
c0070634a357ebcd,Public,1,2
6f0ee025dc5d4a25,Finance,0,0
d04022908eda2db3,Finance,1,1
c82aa986af29915d,Social,2,2
180856255071f41d,Finance,1,1
23470d301259cc9e,Finance,1,2
894f444c758aa947,Finance,1,2
cd48b96eb532fea3,Public,1,0
55f816ba9570a126,Tech,2,2
323de408919b6600,Tech,1,2
6cb19567e71ab9ec,Finance,0,0
f790c76c037e3b09,Finance,0,1
7bae2cd73ac8c0d8,Social,0,0
a208627e33e95bce,Public,1,1
311277be296204f1,Finance,0,1
e3cc782b252c6e43,Retail,1,2
d84d02a173d9210d,Tech,0,0
e2ff319466b2e9fd,Retail,0,0
5ecabf5879e99026,Public,2,2
6b3bef597765d602,Retail,1,1
ea02780adc420318,Finance,0,0
104ead06316bf324,Tech,2,0
efda897953c1cc12,Social,0,1
b0ddc4c3b22f264a,Retail,2,2
b560985b4e51d866,Tech,1,1
05791a037f3796a7,Finance,1,2
8ddae77390edfee2,Retail,2,2
881a1175517377b9,Social,2,2
640da1b4cf0375d6,Public,2,2
6448f74b59b27b39,Public,2,2
562859513e0063d8,Public,0,0
73342e9774afdd9a,Public,0,0
39b144838fb138e4,Public,2,2
fefc0ba4fb9276ac,Finance,0,0
fcd5a5e88e492a42,Retail,2,2
4a25628f6d5db814,Retail,2,0
e96c7ca9f590d9f6,Public,0,0
90f4245ca14cced9,Social,2,2
ebacf82b384399a2,Social,1,2
78e565531703112f,Tech,1,1
f88c3655e0742f0e,Retail,2,0
428b4401c526dee0,Public,0,0
6ef8f9fba2258230,Tech,0,0
04dc8c68f203621d,Social,0,0
a19b38a587274e72,Tech,1,1
df7208b91455a68c,Retail,2,1
07344a835fc688d4,Tech,1,0
3b0441113a0e2c6d,Social,2,1
875be72316e8bb37,Retail,2,1
a0e5ff557bad8761,Finance,0,0
48cae3bdac7dd7d9,Retail,1,2
17ef2b4409b0e60a,Social,0,0
ffb2d176d312d675,Tech,2,0
93399d5c445bff52,Finance,1,1
26b4c2f87efe0a0d,Retail,1,2
279a07a2bb753077,Social,2,2
a02bfec2dfc8ea2c,Retail,1,1
76f4d1a62d5eb13a,Social,2,2
5d7410f73e6f6fda,Public,0,0
5e0cc577bab07bb0,Finance,1,2
17928b064526ed63,Finance,0,0
0df54062bf0028a7,Finance,0,0
3f94681dec7f2468,Public,0,0
704094514f792611,Tech,0,1
fcaf947831b0443e,Retail,1,1
ec99ce7672a868a4,Social,0,0
2c230eede0dca472,Public,2,2
de7f7bb0de3846f6,Social,2,2
788f0bd006d42f89,Social,2,2
4131b3d5fb418edb,Social,2,2
725e8ea7827a356a,Public,1,1
ab307740509d34b5,Public,2,2
f5aa3178d302a429,Retail,0,0
d471436df5c8d90c,Tech,2,2
b7ab5bd68e04ad36,Public,2,2
93234c81ed88d5c6,Finance,2,2
2d07fdf6ad03302b,Public,0,1
f388e4d5f475f54f,Finance,0,0
ef101e12f0fc2441,Social,0,0
0b13ad95da8d9757,Finance,2,2
651aa9711b069a2c,Tech,1,0
24c8080c6206bab3,Tech,2,1
80688245b260a62f,Tech,2,2
24ec69b47224e430,Tech,0,0
f6bd8d4a5fef8d33,Tech,1,0
4c74c9b5a7d6375f,Social,1,0
cdbf1872c6f752b7,Finance,0,0
70da9cbae9ab75ce,Finance,0,1
e889aee86d4fe932,Retail,2,2
428987fa96ca0993,Finance,0,0
2c99a7b11027e31a,Retail,0,0
eac45cde9060cc16,Finance,0,0
9c088b87e8be19e1,Tech,2,2
195d3f805ce463f3,Tech,0,0
7b6f0fc57ce398fa,Tech,1,0
3701ba6f6eb834b5,Tech,1,0
bed96841a77deaf3,Tech,0,1
f9057c4de48fe845,Tech,2,1
ef3dfa57e15795d0,Tech,0,0
a5191f64bec232a5,Public,1,2
4569f626dae65734,Finance,0,0
01d0685d5b0a3ced,Retail,1,2
2da46b0037bfa6b3,Retail,0,0
4ea86c0b391ab041,Social,2,0
6834523d26580c41,Social,1,0
bbbbd60714dd03a7,Tech,0,0
fef7351b50ca5078,Retail,1,1
0ad37e6c72d4c435,Retail,2,1
e9103e5fbfbd0e3b,Tech,0,0
60a9762475931962,Tech,1,1
e6c862a0c2e1334e,Tech,0,0
c978077d6d01b99f,Finance,2,2
7bddf2eb93e4e922,Retail,1,2
abf9a08197fe6ea7,Social,2,0
f9c519332965b2c5,Tech,2,2
ebac14de1bb974b2,Tech,2,2
6a034936e0a364a1,Tech,2,2
cac336e4fe5993ad,Social,2,2
80f10667a0b34970,Public,2,2
069f9b8970272a87,Finance,2,2
96e5bf1905b2c1c2,Tech,2,2
13ca9836e77e9230,Retail,0,1
9ccc1b61f4f09e42,Social,2,2
c21382da3b9187b9,Tech,2,2
8b7157c1f8bbef86,Social,2,2
856a909e64f8be64,Finance,2,2
3a8f8b5547dfea64,Tech,2,2
bd9798b7dfe96f49,Social,2,1
00ddfc8de09f893a,Social,2,2
1bb17164191d3484,Social,1,0
fa74bd1decf7d46f,Retail,2,2
6d4ebb6022e3993e,Social,2,2
327b34d9be50f37e,Public,0,1
edf92cc5877d86a3,Finance,0,0
93f3ae88401c290e,Public,0,0
38987e14f5013c0d,Finance,2,2
5c4242b1d02f70bb,Public,0,0
bcb436ccba5ba148,Social,2,2
f2be089a4ef2cdec,Tech,2,1
7374924699cc3b2b,Tech,0,0
fa337d28f581feff,Tech,0,0
55d35c34634b2bc2,Retail,0,1
b8a2d28b41d64c8d,Tech,2,1
4f2e4feb11fc4518,Public,2,1
0e6b64ab62a4b53c,Finance,2,2
f53ccc2f41c5570e,Social,0,0
13993516a1b8a560,Public,1,1
b0386683387ce190,Retail,1,1
a09c6cb6e376e7d4,Finance,2,2
1036dd9916b45ac1,Finance,2,2
8859eb25f506eb0a,Finance,2,2
035f5d3c8ce20e7b,Finance,2,2
5fecda82393a2ce5,Social,1,2
792c2b65ab7127a4,Retail,1,1
46b19ee26fae2448,Retail,0,0
06fa1ca3b731daf0,Social,1,2
544a1b523ec9fc6b,Social,1,2
295b973368263ad0,Tech,2,2
6b7dc802e3165462,Retail,1,2
4e325f2f3d4b40f7,Retail,1,2
fe64444864596706,Retail,0,0
291b7e4dd17943aa,Finance,1,1
0cc2f2971f30b401,Social,1,0
772e6c9c24ecbde8,Social,1,2
b47695e2c636437f,Social,0,0
46533b53518a13e6,Social,1,2
3ba7443b58f91233,Public,1,0
68157d73d01e126c,Finance,2,2
e7130428f39e1e1f,Public,1,2
cdda41ebeb07b26d,Social,2,2
96a6fd2656b53290,Social,0,0
de84fa921919f829,Retail,2,0
4621a35f82b3ae3d,Social,2,1
9b6900eb3f3d66de,Retail,1,1
9e442c87b264d089,Social,0,0
75b0f93034a9d008,Social,2,2
37a4528d679b6511,Social,2,2
3bb00c5823ec1a39,Finance,1,0
458d2a741f536c1c,Finance,1,2
167cebe6995f2cb3,Finance,2,2
75608668fd48e966,Social,2,2
da4ebe3d0b913e52,Finance,0,0
96a99997e8df8438,Public,1,2
38df09f29edb18ca,Retail,0,0
3319a6cfb64bfd66,Tech,1,1
141015feadbc2daa,Finance,2,2
456d34de237cb934,Tech,0,0
ca6000519178ba02,Tech,1,1
2efa451483969d24,Tech,1,1
b4f75dba2ca87687,Social,0,0
e6a6306f60e6f2e4,Finance,2,0
381fd9546be03446,Retail,1,0
c89b49ac2ee7306e,Retail,1,2
bdf1295bb71e211d,Tech,0,2
0a350b4560370f5f,Finance,2,2
7cd0079079edfa2c,Tech,0,0
637d3431652b55dd,Social,2,2
b81a87a6f1c5a6cb,Tech,0,0
306ecbf1aaa4966c,Retail,0,0
34b59117e59b83e6,Retail,2,0
fe01479c429b9cde,Retail,2,2
8e86f1660b82040d,Retail,2,2
b9bf23c195bfd110,Retail,1,1
16c74fd2ae37c813,Tech,1,1
224af6ab7242a633,Retail,1,1
c8d14862a63d347a,Retail,2,2
082399b291587c22,Retail,2,2
b93e4c0493b873af,Tech,0,0
9f49ac6495571da9,Retail,2,2
aa6c63fdcbf38494,Retail,2,2
f935a1661b699f3c,Social,2,2
42c653febe034cdb,Retail,1,2
7c1250d2971cd377,Social,0,0
8c6e31662f412fb1,Finance,0,1
0638b6090868ae0f,Tech,0,0
c175bac625bab89f,Social,2,1
202d7e3eecf96ffe,Retail,0,0
346add34c95d700c,Tech,2,1
0acea69d1dedd973,Public,0,0
f0a68d3b25dd4ccd,Tech,0,0
2a61a1031578a58a,Retail,0,0
273e7ec37a94d136,Finance,1,0
7fd1eb836a28b78a,Public,2,1
624f093f378e95a2,Tech,2,0
71ddf237a88a5dd1,Finance,0,0
7aab4df46e78a91e,Social,2,2
48e2dcbd17ac9f39,Social,2,2
5a91509d0df49eff,Public,1,2
f9cfe7c4b98755a4,Finance,1,1
0bbfa43f1c2d0295,Public,0,0
40b77b5c59146262,Public,0,0
b37db1271edcb547,Retail,1,2
2785a0947f237f09,Social,0,0
75e30a5a815590d4,Tech,0,1
feabc5cfb68f5228,Finance,0,0
bf6e7b11ff0be75b,Retail,2,2
dd195e9f79b11482,Finance,2,2
d88aef78ce49e498,Tech,2,2
ea65249f4fa18e3c,Tech,0,0
2a594c01ab137cdc,Tech,0,1
1908a8ee241cfe87,Tech,0,0
90ce0e09a766dd0a,Public,0,0
01f5af208044e561,Tech,2,2
641bd53e795cafb5,Social,2,2
6228620cc6667cd4,Tech,1,2
646b5805907530f7,Social,2,2
30b07add890856e4,Retail,2,2
d2f8d1d4a456ba98,Tech,2,2
1f984dd41281d2c7,Tech,0,0
c80e132090ec08df,Social,2,2
358fde92d645e272,Finance,2,0
679c610d88e61b67,Retail,0,0
09450d5bba97c56a,Retail,2,2
21e74f6a02254451,Tech,2,2
3f7a3fef411bee30,Social,2,2
8e82dedcf0bf168d,Public,1,2
63e7f15883139313,Public,2,2
7b219ea86e20468c,Retail,2,2
ff6e382089f66f8d,Retail,2,2
aa3ce9dca490f990,Finance,0,0
49f3d073b84d57f8,Public,1,1
17a94f636e29b700,Tech,0,0
31dc6d2732b3f891,Retail,2,1
0e555fbfb599b059,Public,0,0
10dc1ce6551ed51b,Retail,0,0
1f43d96e69ba3cec,Tech,2,2
1b9d9b999f058e7f,Retail,0,0
23288459ff07dafa,Retail,2,2
271001c0afd8ba49,Tech,2,2
1486c481e0f68eab,Social,1,2
4652e6b2f83b9a5b,Retail,2,0
71cba2f0d3f59e27,Finance,2,2
2e24214c862e1f25,Finance,2,2
3b7660667d418260,Tech,2,1
1ba9156e1965344f,Social,2,2
fd3bc8fe5e430e92,Finance,1,2
b8f906452b095ab5,Retail,0,0
993be0a291e01280,Finance,1,0
e7719d632455761e,Finance,0,0
a19059088e372eeb,Public,0,0
7f75348d79d39706,Public,1,2
8302d1032101d9c5,Public,0,0
301d433bd7b09e23,Finance,2,1
20663edebb8e0d00,Tech,1,0
c551788870359bb5,Retail,0,1
b834bee8fe258445,Finance,0,1
50652b0e909e94b0,Social,2,2
73daf498253563a4,Finance,2,1
f3b7c71f91e5cb11,Social,2,0
76f15478ea7ed81b,Finance,0,1
b1dcb1560e370c86,Tech,1,1
329656a0faf5185b,Retail,1,2
5e609511833ace91,Retail,0,0
74bdef44911d117c,Social,0,0
dd09155c338ee95d,Finance,2,1
d7867b910f470e14,Finance,0,1
35d9fba99e101d77,Public,0,0
51eb3782247c20c2,Social,2,2
8943532e1db1a796,Tech,1,0
35dcf235966e7192,Tech,1,0
3a0831887aa9a276,Tech,0,1
96f1a18ec70a2eda,Public,2,2
cc5b77bca66c8f86,Retail,1,1
d51cb23d54b902a0,Public,2,2
70e7fc1cb1a2206e,Public,2,2
88f5dea251f31180,Retail,1,0
233dd2027f00d776,Tech,2,2
7524f17a33b61b35,Tech,2,1
788b98ff7c7dec66,Tech,0,0
99a25b6f0d8b91dd,Retail,0,0
dad10d90972a9261,Social,1,1
47a1d30e4460bb12,Tech,0,0
92bedd2fd3a9ea41,Public,0,0
e491b6a8a2e7406f,Social,1,2
97db8285fe9dfff7,Finance,0,0
3551aed15f0a2646,Tech,2,1
e313e39b37ed7c37,Public,1,0
a914203a86c830d2,Tech,2,2
fef70bf565eedcc5,Finance,1,1
87c3aa7716f226f4,Tech,2,2
35b8569448cea91a,Finance,1,0
eb902885627b3bfd,Tech,1,1
c05fd9980a7da464,Retail,1,0
4decc7cbf70d8880,Retail,1,1
ed7c43e5a86f0572,Tech,0,0
871d7c6aace224a7,Public,2,2
5da668fcfa34cf20,Social,2,2
15ecc67c68a96ead,Tech,2,2
b12a0f57f51151b5,Retail,0,0
bb4857ee87386397,Finance,1,2
6cb1c87cad8bddef,Social,1,2
1193ee2e0ab69816,Retail,1,1
77a18848e1437da2,Social,1,1
a8ba220c0af22465,Public,1,1
e4f1a3171e9b90d4,Public,1,2
137dbaab517d98ad,Public,2,2
ff20fc98c981bd74,Public,1,1
895c9c0314eb6c90,Public,1,0
0e82088a4b8f5e9e,Finance,1,1
7f13966ab6fa71b2,Finance,1,0
3c8f5c519c6eff9c,Social,2,0
f4a97368939b37f7,Retail,0,0
88affedc851554a4,Retail,1,1
a9f90dd345e1f582,Tech,1,1
50ca193f0550aa92,Retail,2,2
b4d08b0096a96378,Retail,1,1
7c8b7adad599345f,Retail,1,2
e194e29c5f84232f,Retail,1,2
14d33f8aa4a3389e,Tech,2,2
322b9e6c32e54add,Tech,0,0
1ff01636cea15c3e,Tech,1,1
83bd5d8c6adeaca2,Tech,0,0
4b7b07be12adebad,Retail,2,2
e5a278eb3c13ead6,Finance,1,1
4163a78d63e70afa,Social,1,2
bf144005a0ac2736,Social,2,2
2e2a7ebc90456156,Public,2,2
07d49b4b0a88e5f4,Retail,0,0
e58ba9bf987152ee,Tech,0,0
c51879a49d991ada,Tech,1,1
06af4284afa3bc52,Public,2,2
2e30fd6a62b62d40,Retail,0,0
4bc94e0a6af83581,Finance,0,0
d6af908938c82a19,Finance,0,0
3678223b26a2e78d,Tech,0,0
b9a1673b20b244da,Retail,0,0
9c2455efcbb1b7c4,Tech,0,0
8d6bc5314959235f,Finance,0,0
4d35cee05b45ea16,Tech,0,0
3848489b4ee31802,Social,0,0
037b565b66e0ccac,Finance,0,0
013b111e883096d2,Social,0,1
c20aa3b9f396f4b2,Social,2,2
c7df257071c25b1c,Social,2,2
c4c98c5acbcbbc93,Retail,2,1
d0a491b21c3b62d2,Tech,2,2
689d259a642a8049,Finance,2,2
5dd9ca86a13bf3c5,Tech,0,1
60f200ff9b1c66fd,Finance,2,2
5d16a088e8e7cc23,Public,2,2
32c58585af66f01d,Finance,2,0
32826554ece2963e,Social,2,1
29cc92b472f878e0,Retail,2,2
773003d0b0d02877,Finance,2,1
a5d1367452c04b41,Finance,2,1
3af293e5694c2c37,Tech,1,1
a49a348f61d6e4d7,Finance,2,2
4aceac473acf15eb,Tech,2,1
53036a998f67f391,Tech,2,1
e0bc3f3d28f9d487,Retail,2,2
04150a3277552dab,Social,2,2
d4b6fe214f7aaa8d,Tech,0,2
5823b717631717d0,Social,2,2
9aee5a229518312a,Social,0,0
688a7199ff8a774b,Tech,1,1
2801f9c63f7cb332,Public,1,1
a8713ba9edbd2592,Social,1,1
65b1a932c5cdf235,Social,0,1
48070f79778d37a6,Social,0,0
3afc3e0a1dc5727f,Retail,2,2
63b489085e59e066,Social,0,0
b682aa5d54d02a9b,Retail,2,1
fabdb1b3476104ab,Tech,1,1
7af28c999309dddc,Finance,0,0
eae46b1b74ac384c,Social,1,1
4ce11e0b6f395e81,Tech,1,0
b4897f292de2405e,Tech,0,0
b7c90e43595ab95e,Tech,1,1
30bc5b29053488f6,Tech,2,1
53bfe6fb21ac88f3,Tech,0,0
573e5fa333e1de1f,Tech,1,0
10c911729c0aea63,Social,2,2
60a07f1f33879def,Tech,2,2
adac154e176846ee,Retail,0,0
3ebda32a5514acf5,Finance,0,0
2516ceca95cb8104,Tech,2,2
c390103327a4eadb,Public,2,1
b693ab70e36f3fd3,Public,1,2
aa8a15ed1878d93c,Finance,1,0
99b12f89f9810afc,Retail,2,1
4ecd4cb5a4df6500,Tech,0,0
6560df4fa2e3fdb6,Social,2,2
232616420af08c03,Retail,1,2
9ef5f08af70e4fab,Tech,1,0
db0028140d6ee9c0,Tech,2,2
e37bb9d12880cdcd,Social,0,0
fa3d2a44aa5ef0ad,Retail,1,2
74aad004b206b708,Social,1,2
a888235352d37334,Tech,0,0
907887e0036df37c,Public,0,0
946b517c608d058e,Tech,0,0
4d5087a9010de361,Tech,2,2
dd90d8ffd2f6fea6,Retail,0,0
b321d4504348bd2e,Retail,0,0
c440019d6ae9d2d3,Tech,0,0
2bf6a8526c456cb8,Tech,2,1
809290e0ff533339,Retail,0,0
a2d86ae8444d658a,Public,2,2
27fbe03f1a55c163,Tech,1,0
87648178df5a961c,Tech,2,1
4f38440e70b678f7,Finance,2,1
a8875a18dc9eaa3a,Public,1,1
dc0ae521ec6b09ba,Public,0,0
7475e425bbaac634,Social,2,2
e4de641d851fc5cb,Social,1,1
cf25b952f5f0353c,Social,1,2
c708dfd5e6d0e698,Social,2,1
eda6186059465e11,Public,0,0
2cc109beb97d01ed,Finance,0,0
38e198cb1e835523,Social,0,1
f09ba9126ae2a3f0,Retail,0,0
51d427d939e389a9,Tech,0,0
3176361c126e7c93,Finance,1,1
d0e502d126219f94,Social,0,0
2e6ca6a8805afd2a,Tech,1,1
b86dea53ce1cd42e,Public,1,1
8a1c72b95349a73e,Public,1,2
814a19e497e66f5f,Retail,1,2
ddd92d702f9ab395,Tech,2,1
95c8655f4265e47e,Finance,0,0
3ce7181c46193cba,Retail,2,2
cf4df23b51c837a6,Retail,0,0
766ce47122f8d610,Tech,0,1
95b4dc94e6077893,Retail,2,2
1092f5fc1dabe9f1,Social,0,0
80c4cc7711e0a8f7,Social,1,2
178068917a20f3eb,Retail,2,2
7bd81caff29392e8,Tech,2,2
9cff0cb69bec1182,Tech,0,1
a55525a4b1c05e98,Finance,0,0
050d536191ac88a1,Public,1,1
672c7f3e31f3b93c,Retail,1,1
57f4e792b0dce773,Retail,0,0
7d70920854bd9a68,Tech,1,1
e5a067acf06eb48d,Tech,2,1
3fba6d7c9f609812,Retail,2,2
77f703cd6d3d38f3,Retail,2,2
112241adad9bfa55,Retail,2,1
2b8743c9845f4b97,Public,0,0
ad659e39bcfc39fa,Finance,2,1
6959f38b3d0b2f22,Finance,2,2
08f73da287b035e0,Social,2,2
352ffdbdb0556c90,Retail,2,2
841bf58b67dc3d7f,Social,2,2
3c5a86461b576601,Social,2,2
28ef487e40bcdb39,Retail,2,2
5fc327c67f1bd71b,Tech,2,0
36d49045409602e8,Public,2,2
ea4f739ddc148ccf,Retail,2,0
40a7c098f6fa4c1b,Retail,0,0
d233bdeff81aff99,Tech,2,2
d0e3222103b486ea,Public,2,1
9c22e0bcf843d5bd,Tech,0,0
7ae1f6aabb8f597a,Social,2,2
fe6c91fc213c889e,Social,2,2
5ed671ed1d22e575,Retail,2,2
d34d741abc9df532,Finance,0,0
7ae45e0cfb81516b,Social,2,2
24faa17c56b96342,Retail,0,0
168d37a205e2244d,Retail,2,2
e64834451eb15f74,Public,2,2
429df9803bc3db5d,Tech,0,0
12025f6f23323f30,Social,2,2
69b892b37231f705,Social,2,2
495d6db38b102686,Social,0,2
fd054e61f3dca305,Social,2,2
4bb502c933c17179,Social,2,2
193285d8ab6f8638,Retail,2,2
954155f8b364d462,Public,1,2
c9bbc936cb90e3a8,Retail,2,2
3e6b6316979f9f20,Social,2,2
50506bb6d955036d,Retail,1,2
bbb3a535ae146f82,Social,2,2
24dcc4547ede3aa3,Public,2,2
8692f874253e9cb5,Social,2,2
847fee50d4fcc826,Retail,2,2
d2c3ac04453f4fd1,Finance,2,2
7c5e4cf1e8abf64c,Finance,2,2
1edcb1ffdccdbe11,Tech,2,2
e21b7851868ccac0,Retail,2,2
5ea94262abef544c,Tech,2,2
83b7836fd322bef9,Social,2,2
e78f2ecc6317a29a,Retail,2,2
7b192481c314642a,Retail,2,2
a82dcc5751ff815d,Tech,2,2
568356bfe04b0ce0,Retail,2,2
11f90d3a6d21a36d,Retail,2,2
878c8107e57a01c7,Finance,2,2
4960ebbbfca7233b,Social,2,2
4fab5f4d699f8f06,Public,2,2
0ea9c9ee843690f3,Social,2,2
3e194c8e6748063d,Social,2,2
314fb0a9b6222752,Tech,2,2
349f8e617be9bd32,Tech,2,2
f738b45ed772c4a4,Finance,2,1
9d3324ecefe248d6,Finance,2,2
273aa622a967217e,Retail,2,2
0f21a9017ab50b37,Social,2,2
aeb956c5243d651d,Tech,2,2
6dd92eec42eb8c9f,Finance,2,2
d9263a922255a916,Social,1,1
f1c546b42cf57977,Public,2,2
f4f750cc4bfd8d0f,Social,2,2
309b11d23c8c377f,Social,2,2
fcdb8258c482a432,Tech,0,1
b4b1369adcf4d91c,Finance,2,1
7b3c3860655c0533,Tech,0,0
41c71d38403a71c4,Finance,0,0
43fcc58a1792317d,Tech,0,0
b4737645245ea346,Tech,0,0
c9ce2a2fedac0e84,Social,0,0
86aa299826039359,Finance,0,0
365fe28eacb6a396,Social,0,0
096cc510bf304d2b,Social,2,2
30d8927fc633ce38,Social,0,0
b33c37db298b8b0f,Public,2,1
020a59232bb0fb4b,Tech,2,2
5f3964f5fbd7d8df,Tech,2,2
ff979b8d333890f6,Retail,2,2
c1c5ec17294580d0,Retail,2,2
56b38d68aad2f442,Social,2,2
667875e1a7dae6ee,Finance,2,2
06edda80619c1699,Social,0,2
ab5709852c31f495,Retail,2,2
720d285f0ac6ec58,Retail,2,2
c1d91c062f376602,Tech,2,2
ea496b94f18d543b,Retail,2,1
992a38622d994875,Finance,2,1
8d9873ace43f0b5e,Public,2,2
e29a360c4e48af30,Tech,2,2
c734fdfcb2041748,Retail,2,1
4f8d11a7a23283fa,Retail,2,2
9d909f43296053a2,Tech,2,1
cbb0d75b76b21cdc,Retail,1,1
b7146bc827aeba86,Tech,2,1
bd1f7efc4f6b8fd5,Tech,1,1
7eddc8ec3355e9bf,Social,2,1
7765372b6136cba7,Social,2,2
19d3f20b356079f4,Social,1,2
a733a76b2fc4672f,Tech,2,2
3b45a203156d6a18,Tech,2,2
16a9e31c1641a3de,Public,2,2
8e3537bfb51f7ec1,Tech,2,2
a9c844f426f92393,Social,2,2
2bb1cd6754104d5a,Retail,2,1
6e828b1d42ca2ab3,Retail,2,2
f553329f8bc7090b,Public,2,2
af1cea59c284581f,Social,0,0
c7bdd8ab19e17379,Finance,0,0
2dedcfb169aeb5b1,Social,0,0
6dd8cad75bfb5c16,Retail,2,1
6e00c98acd7afbb3,Social,2,2
e13939b6b07f49ff,Finance,2,1
0ff1ffbe6392bb04,Tech,2,2
f494c390ab937ce6,Retail,2,2
7a432a04ce74626f,Finance,2,2
38293127930d386c,Retail,2,1
72f184364820dbe7,Tech,0,0
771c8fce1c85a4f3,Finance,2,2
5e711deca4e00d32,Retail,2,2
80b7d8fd993ec1d8,Retail,2,2
85a5b038b514bca0,Retail,2,1
19160e28d4c4eb59,Tech,0,0
ec28d1d436822fa2,Retail,2,2
1c9d506ec896c1f3,Social,1,0
1cac2b7e1e43aacb,Tech,2,2
de4dd95cf2aba1d0,Tech,2,2
ba654fb2d29e20d8,Tech,2,2
71322bc60f40e963,Tech,2,2
ac4d2480b2fc8fd3,Finance,2,2
69f5df130cf2cfd4,Finance,2,2
741c8c716b4c9ef4,Finance,2,2
e66d5b9890f65e39,Retail,2,2
fc9a5e43b7c251ec,Retail,2,2
cf94c21970c02e51,Social,2,2
b4aa4777e6b37624,Finance,0,0
41dbd27399ad957b,Tech,0,0
d79e8d2a4c56d184,Tech,2,2
6457938775ffa299,Social,0,0
d2704d98798121d3,Public,0,0
3a0bff1248feeb6b,Retail,2,2
f51921aad8384ed9,Tech,2,1
884935e3deb89b91,Social,0,0
04a8701d195b0142,Social,0,0
d7fa5a684b319acd,Retail,0,1
80dd2a5e83eacd43,Finance,1,1
312753e765f4b91b,Social,0,1
1da1f8c74511dbcd,Social,2,1
3e6ec16ec92099e7,Tech,0,0
459e16270ebc8416,Finance,0,0
25a52cc1e43add25,Finance,2,2
d2a826dc12fcddbf,Tech,0,1
b1d8b4516e43db1e,Tech,2,1
a58fb673c817031b,Tech,1,2
917b6ec828ac88f2,Tech,0,1
67dbbbe025128c46,Retail,0,0
23ff0c33c7f63cf6,Social,1,2
2c5a7ac7026d45cc,Tech,1,1
26fa88a00c284545,Public,1,1
7adc211939647902,Tech,0,0
e8741815468dece1,Social,0,1
37bd4a639b13e714,Tech,2,2
a42568d94a505967,Finance,0,0
4555a707c666e253,Tech,1,0
f4a2bcae62987f50,Tech,1,0
a044cd7850eb4588,Public,0,0
7a98e480351ee734,Social,1,2
af0c674e0f37031d,Public,1,1
6107c085229f45b2,Social,0,0
acf43773239f629f,Social,1,2
1956daed8cec7d7a,Social,1,1
423ef3484e167fb1,Social,2,2
847d73890c2288fb,Finance,0,0
f00d4db1e225da24,Tech,0,0
45d540867158b5ef,Retail,0,0
f56936bfda239a01,Tech,1,1
b0db092fb53d2887,Tech,0,2
8744a06341219a7d,Finance,2,2
6cd5f7ac14fad744,Finance,2,2
6e27d2ca47b2ed37,Retail,0,0
c7fe57e2ddff0193,Retail,1,2
cb2c27d3c86acfc5,Tech,2,0
57c1f78853e79a04,Tech,2,1
4245ebe09f23d9e9,Retail,0,0
327430dc3de4480f,Public,0,0
46c7b56185485230,Tech,0,0
310ad45f75ef8545,Tech,2,2
7d8c118afe10350d,Tech,2,0
4b843cc2459f3f0a,Social,0,0
572f5dae9dbf73fa,Tech,0,0
41bb65acf81cc585,Tech,0,0
1df30fbc9a7f52fe,Tech,0,0
c53942d55b91c5d9,Tech,1,2
a89cd7be5881c6e4,Finance,2,2
e7c6d4afd9c5f66e,Social,0,1
325ea1ea4c4e2739,Tech,2,2
874db42759dcf57a,Social,2,2
738861fbff52750c,Social,2,1
11784f03a125ef38,Finance,2,2
530aeb44f7b6c12d,Retail,0,0
67693c3701ca93d0,Finance,0,1
4d2f514bb0576665,Tech,1,1
c77ccd6a64adc548,Social,0,0
c435986bd5bf0197,Retail,0,1
f591cfcf2c1fa335,Tech,0,0
2293b8367df6457a,Social,0,2
7eaa35a540085f1f,Social,2,2
8709e6e10ba62f91,Finance,0,0
a46aea3ff60bedab,Public,0,0
b401be9ecdcf6750,Public,0,0
bd0f09772fd4efd8,Retail,2,1
04e61e67dc0c584a,Social,0,1
1d03a71ac2b3c7e5,Finance,2,1
483dee1eebd44640,Retail,1,2
56fe91d10c909bc8,Finance,1,1
b00a4e5cfd598bd8,Finance,2,2
caf6a9b293513124,Social,2,2
1f2773d331ae1f0e,Tech,2,2
c8e81d1911236ddf,Finance,2,2
acc2e5ed23a26e61,Social,2,2
b00cb21e64260fc5,Public,2,2
7ec6aee810c52d01,Tech,2,2
bccfcec6e1e082f9,Tech,2,2
c75cb6c594727169,Social,2,2
9392ee81391937a3,Social,2,2
1684b9a79d3820e0,Social,2,2
8aec4032c39621be,Social,2,2
caa8e977e96ee143,Finance,2,2
b779014ca031d54a,Tech,2,2
0778140857f185ba,Tech,2,2
cafa70be72126924,Tech,2,2
88fee6073a14d6a8,Tech,2,2
88a5974e82ea4d4c,Retail,2,2
caa98dd2cd333648,Tech,2,2
f594eb14f8c4bae1,Tech,2,2
dd34ba1783587177,Social,2,2
810aa613dfd84582,Social,2,2
0d52b64069d0e513,Retail,0,0
cef7ee655a60d8e3,Tech,2,2
e99a2a83ac8adb06,Tech,2,1
1b631ddc08ae4dd7,Tech,2,2
db9bcac088a166eb,Retail,2,1
bc92ddecbb5ee884,Tech,1,1
5109f48462b42c6c,Retail,2,2
8a1fa7c0d1d1d3ab,Social,0,1
c134ac643ed9571d,Retail,2,2
738bde8481d72750,Tech,0,1
274c32518aebe263,Social,2,2
d6335a4af6766e4b,Public,0,0
3b22609bb8c578ff,Tech,2,2
ddbc01cbbeb1c02c,Finance,2,2
f43714ea2c259610,Social,0,0
37f6cd8a5d941a6f,Retail,2,2
2952f4149a8d4cf3,Tech,0,2
714eb215ae8d2dae,Public,0,0
04669a35a1f1bf4f,Public,2,1
45a6148bb4ff21b9,Tech,0,0
ec30c69fa96c7e91,Public,1,0
947b5a7d6911a3b2,Finance,2,2
78b2a7ff9816d8a8,Retail,1,1
20750a36f2b44040,Retail,1,1
2eec5e4d59816646,Tech,2,1
ce26412d96afc77d,Tech,2,2
7919ce2bd8aac1e9,Tech,0,1
e582eaea0cc48f24,Finance,0,0
39adf38343063983,Finance,0,0
a47036db6b3fd15b,Social,0,0
258ed50e34f7772e,Retail,0,0
c0acbf0876d17182,Finance,0,0
a76a0d030008cf9a,Social,0,0
f9a5f40f50cbc1d5,Tech,2,1
1caa98fba9f022e2,Tech,2,2
f8cf587fee01dce8,Social,1,1
f291719b3eeabca8,Tech,0,0
79e6b5b90814a8b3,Finance,0,1
483b3e7398041314,Retail,0,0
04830c606289fe67,Social,2,2
48a63ade430b83e8,Social,2,2
